pair_id	region	ancestry	trait_a	trait_b	imputed_h4	confidence	prob_signal	base_from_pair	region_bonus	ancestry_factor
chr11_0_5250000__EUR__bmi_vs_asthma	11:0-5250000	EUR	bmi	asthma	0.1908	moderate	0.000	0.0408	0.1500	1.0000
chr6_16750000_36250000__EUR__bmi_vs_asthma	6:16750000-36250000	EUR	bmi	asthma	0.1908	moderate	0.000	0.0408	0.1500	1.0000
chr18_0_2250000__EUR__bmi_vs_asthma	18:0-2250000	EUR	bmi	asthma	0.1908	moderate	0.000	0.0408	0.1500	1.0000
chr18_49750000_59250000__EUR__bmi_vs_asthma	18:49750000-59250000	EUR	bmi	asthma	0.1908	moderate	0.000	0.0408	0.1500	1.0000
chr18_59750000_61250000__EUR__hypertension_vs_asthma	18:59750000-61250000	EUR	hypertension	asthma	0.1869	high	0.013	0.0369	0.1500	1.0000
chr18_49750000_59250000__EUR__hypertension_vs_asthma	18:49750000-59250000	EUR	hypertension	asthma	0.1869	high	0.013	0.0369	0.1500	1.0000
chr7_0_4250000__EUR__hypertension_vs_asthma	7:0-4250000	EUR	hypertension	asthma	0.1869	high	0.013	0.0369	0.1500	1.0000
chr6_16750000_36250000__EUR__hypertension_vs_asthma	6:16750000-36250000	EUR	hypertension	asthma	0.1869	high	0.013	0.0369	0.1500	1.0000
chr14_96750000_105250000__EUR__hypertension_vs_asthma	14:96750000-105250000	EUR	hypertension	asthma	0.1869	high	0.013	0.0369	0.1500	1.0000
chr13_109750000_113250000__EUR__hypertension_vs_asthma	13:109750000-113250000	EUR	hypertension	asthma	0.1869	high	0.013	0.0369	0.1500	1.0000
chr9_26750000_32250000__EUR__hypertension_vs_asthma	9:26750000-32250000	EUR	hypertension	asthma	0.1869	high	0.013	0.0369	0.1500	1.0000
chr13_64750000_68250000__EUR__hypertension_vs_asthma	13:64750000-68250000	EUR	hypertension	asthma	0.1869	high	0.013	0.0369	0.1500	1.0000
chr12_0_3250000__EUR__hypertension_vs_asthma	12:0-3250000	EUR	hypertension	asthma	0.1869	high	0.013	0.0369	0.1500	1.0000
chr18_0_2250000__EUR__hypertension_vs_asthma	18:0-2250000	EUR	hypertension	asthma	0.1869	high	0.013	0.0369	0.1500	1.0000
chr2_0_1250000__EUR__hypertension_vs_asthma	2:0-1250000	EUR	hypertension	asthma	0.1869	high	0.013	0.0369	0.1500	1.0000
chr11_0_5250000__EUR__hypertension_vs_asthma	11:0-5250000	EUR	hypertension	asthma	0.1869	high	0.013	0.0369	0.1500	1.0000
chr7_23750000_29250000__EUR__t2d_vs_asthma	7:23750000-29250000	EUR	t2d	asthma	0.1689	high	0.003	0.0189	0.1500	1.0000
chr10_101750000_108250000__EUR__t2d_vs_asthma	10:101750000-108250000	EUR	t2d	asthma	0.1689	high	0.003	0.0189	0.1500	1.0000
chr9_135750000_138250000__EUR__t2d_vs_asthma	9:135750000-138250000	EUR	t2d	asthma	0.1689	high	0.003	0.0189	0.1500	1.0000
chr18_49750000_59250000__EUR__t2d_vs_asthma	18:49750000-59250000	EUR	t2d	asthma	0.1689	high	0.003	0.0189	0.1500	1.0000
chr12_13750000_21250000__EUR__t2d_vs_asthma	12:13750000-21250000	EUR	t2d	asthma	0.1689	high	0.003	0.0189	0.1500	1.0000
chr15_89750000_97250000__EUR__t2d_vs_asthma	15:89750000-97250000	EUR	t2d	asthma	0.1689	high	0.003	0.0189	0.1500	1.0000
chr4_43750000_46250000__EUR__t2d_vs_asthma	4:43750000-46250000	EUR	t2d	asthma	0.1689	high	0.003	0.0189	0.1500	1.0000
chr3_69750000_71250000__EUR__t2d_vs_asthma	3:69750000-71250000	EUR	t2d	asthma	0.1689	high	0.003	0.0189	0.1500	1.0000
chr4_100750000_107250000__EUR__t2d_vs_asthma	4:100750000-107250000	EUR	t2d	asthma	0.1689	high	0.003	0.0189	0.1500	1.0000
chr14_96750000_105250000__EUR__t2d_vs_asthma	14:96750000-105250000	EUR	t2d	asthma	0.1689	high	0.003	0.0189	0.1500	1.0000
chr18_59750000_61250000__EUR__t2d_vs_asthma	18:59750000-61250000	EUR	t2d	asthma	0.1689	high	0.003	0.0189	0.1500	1.0000
chr7_88750000_91250000__EUR__t2d_vs_asthma	7:88750000-91250000	EUR	t2d	asthma	0.1689	high	0.003	0.0189	0.1500	1.0000
chr12_107750000_117250000__EUR__t2d_vs_asthma	12:107750000-117250000	EUR	t2d	asthma	0.1689	high	0.003	0.0189	0.1500	1.0000
chr2_0_1250000__EUR__t2d_vs_asthma	2:0-1250000	EUR	t2d	asthma	0.1689	high	0.003	0.0189	0.1500	1.0000
chr13_64750000_68250000__EUR__t2d_vs_asthma	13:64750000-68250000	EUR	t2d	asthma	0.1689	high	0.003	0.0189	0.1500	1.0000
chr1_106750000_111250000__EUR__t2d_vs_asthma	1:106750000-111250000	EUR	t2d	asthma	0.1689	high	0.003	0.0189	0.1500	1.0000
chr7_0_4250000__EUR__t2d_vs_asthma	7:0-4250000	EUR	t2d	asthma	0.1689	high	0.003	0.0189	0.1500	1.0000
chr11_15750000_19250000__EUR__t2d_vs_asthma	11:15750000-19250000	EUR	t2d	asthma	0.1689	high	0.003	0.0189	0.1500	1.0000
chr12_0_3250000__EUR__t2d_vs_asthma	12:0-3250000	EUR	t2d	asthma	0.1689	high	0.003	0.0189	0.1500	1.0000
chr6_16750000_36250000__EUR__t2d_vs_asthma	6:16750000-36250000	EUR	t2d	asthma	0.1689	high	0.003	0.0189	0.1500	1.0000
chr5_93750000_98250000__EUR__t2d_vs_asthma	5:93750000-98250000	EUR	t2d	asthma	0.1689	high	0.003	0.0189	0.1500	1.0000
chr9_26750000_32250000__EUR__t2d_vs_asthma	9:26750000-32250000	EUR	t2d	asthma	0.1689	high	0.003	0.0189	0.1500	1.0000
chr16_48750000_55250000__EUR__t2d_vs_asthma	16:48750000-55250000	EUR	t2d	asthma	0.1689	high	0.003	0.0189	0.1500	1.0000
chr18_0_2250000__EUR__t2d_vs_asthma	18:0-2250000	EUR	t2d	asthma	0.1689	high	0.003	0.0189	0.1500	1.0000
chr10_113750000_117250000__EUR__t2d_vs_asthma	10:113750000-117250000	EUR	t2d	asthma	0.1689	high	0.003	0.0189	0.1500	1.0000
chr3_60750000_67250000__EUR__t2d_vs_asthma	3:60750000-67250000	EUR	t2d	asthma	0.1689	high	0.003	0.0189	0.1500	1.0000
chr13_109750000_113250000__EUR__t2d_vs_asthma	13:109750000-113250000	EUR	t2d	asthma	0.1689	high	0.003	0.0189	0.1500	1.0000
chr18_18750000_25250000__EUR__t2d_vs_asthma	18:18750000-25250000	EUR	t2d	asthma	0.1689	high	0.003	0.0189	0.1500	1.0000
chr3_167750000_172250000__EUR__t2d_vs_asthma	3:167750000-172250000	EUR	t2d	asthma	0.1689	high	0.003	0.0189	0.1500	1.0000
chr2_134750000_136250000__EUR__t2d_vs_asthma	2:134750000-136250000	EUR	t2d	asthma	0.1689	high	0.003	0.0189	0.1500	1.0000
chr5_85750000_93250000__EUR__t2d_vs_asthma	5:85750000-93250000	EUR	t2d	asthma	0.1689	high	0.003	0.0189	0.1500	1.0000
chr11_0_5250000__EUR__t2d_vs_asthma	11:0-5250000	EUR	t2d	asthma	0.1689	high	0.003	0.0189	0.1500	1.0000
chr13_109750000_113250000__EUR__stroke_vs_asthma	13:109750000-113250000	EUR	stroke	asthma	0.1582	high	0.000	0.0082	0.1500	1.0000
chr18_18750000_25250000__EUR__stroke_vs_asthma	18:18750000-25250000	EUR	stroke	asthma	0.1582	high	0.000	0.0082	0.1500	1.0000
chr14_96750000_105250000__EUR__stroke_vs_asthma	14:96750000-105250000	EUR	stroke	asthma	0.1582	high	0.000	0.0082	0.1500	1.0000
chr12_0_3250000__EUR__stroke_vs_asthma	12:0-3250000	EUR	stroke	asthma	0.1582	high	0.000	0.0082	0.1500	1.0000
chr18_0_2250000__EUR__stroke_vs_asthma	18:0-2250000	EUR	stroke	asthma	0.1582	high	0.000	0.0082	0.1500	1.0000
chr2_0_1250000__EUR__stroke_vs_asthma	2:0-1250000	EUR	stroke	asthma	0.1582	high	0.000	0.0082	0.1500	1.0000
chr7_0_4250000__EUR__stroke_vs_asthma	7:0-4250000	EUR	stroke	asthma	0.1582	high	0.000	0.0082	0.1500	1.0000
chr9_26750000_32250000__EUR__stroke_vs_asthma	9:26750000-32250000	EUR	stroke	asthma	0.1582	high	0.000	0.0082	0.1500	1.0000
chr13_64750000_68250000__EUR__stroke_vs_asthma	13:64750000-68250000	EUR	stroke	asthma	0.1582	high	0.000	0.0082	0.1500	1.0000
chr18_59750000_61250000__EUR__stroke_vs_asthma	18:59750000-61250000	EUR	stroke	asthma	0.1582	high	0.000	0.0082	0.1500	1.0000
chr11_0_5250000__EUR__stroke_vs_asthma	11:0-5250000	EUR	stroke	asthma	0.1582	high	0.000	0.0082	0.1500	1.0000
chr6_16750000_36250000__EUR__stroke_vs_asthma	6:16750000-36250000	EUR	stroke	asthma	0.1582	high	0.000	0.0082	0.1500	1.0000
chr18_49750000_59250000__EUR__stroke_vs_asthma	18:49750000-59250000	EUR	stroke	asthma	0.1582	high	0.000	0.0082	0.1500	1.0000
chr2_39750000_49250000__EUR__bmi_vs_t2d	2:39750000-49250000	EUR	bmi	t2d	0.1392	moderate	0.131	0.1392	0.0000	1.0000
chr15_45750000_50250000__EUR__bmi_vs_t2d	15:45750000-50250000	EUR	bmi	t2d	0.1392	moderate	0.131	0.1392	0.0000	1.0000
chr9_0_3250000__EUR__bmi_vs_t2d	9:0-3250000	EUR	bmi	t2d	0.1392	moderate	0.131	0.1392	0.0000	1.0000
chr15_34750000_37250000__EUR__bmi_vs_t2d	15:34750000-37250000	EUR	bmi	t2d	0.1392	moderate	0.131	0.1392	0.0000	1.0000
chr15_70750000_84250000__EUR__bmi_vs_asthma	15:70750000-84250000	EUR	bmi	asthma	0.1208	moderate	0.000	0.0408	0.0800	1.0000
chr21_38750000_47250000__EUR__hypertension_vs_asthma	21:38750000-47250000	EUR	hypertension	asthma	0.1169	high	0.008	0.0369	0.0800	1.0000
chr15_70750000_84250000__EUR__hypertension_vs_asthma	15:70750000-84250000	EUR	hypertension	asthma	0.1169	high	0.008	0.0369	0.0800	1.0000
chr19_2750000_15250000__EUR__hypertension_vs_asthma	19:2750000-15250000	EUR	hypertension	asthma	0.1169	high	0.008	0.0369	0.0800	1.0000
chr8_71750000_75250000__EUR__hypertension_vs_asthma	8:71750000-75250000	EUR	hypertension	asthma	0.1169	high	0.008	0.0369	0.0800	1.0000
chr18_75750000_77250000__EUR__hypertension_vs_asthma	18:75750000-77250000	EUR	hypertension	asthma	0.1169	high	0.008	0.0369	0.0800	1.0000
chr9_116750000_121250000__EUR__hypertension_vs_asthma	9:116750000-121250000	EUR	hypertension	asthma	0.1169	high	0.008	0.0369	0.0800	1.0000
chr11_26750000_33250000__EUR__hypertension_vs_asthma	11:26750000-33250000	EUR	hypertension	asthma	0.1169	high	0.008	0.0369	0.0800	1.0000
chr2_23750000_30250000__EUR__hypertension_vs_asthma	2:23750000-30250000	EUR	hypertension	asthma	0.1169	high	0.008	0.0369	0.0800	1.0000
chr19_48750000_50250000__EUR__t2d_vs_asthma	19:48750000-50250000	EUR	t2d	asthma	0.0989	high	0.002	0.0189	0.0800	1.0000
chr19_2750000_15250000__EUR__t2d_vs_asthma	19:2750000-15250000	EUR	t2d	asthma	0.0989	high	0.002	0.0189	0.0800	1.0000
chr8_7750000_12250000__EUR__t2d_vs_asthma	8:7750000-12250000	EUR	t2d	asthma	0.0989	high	0.002	0.0189	0.0800	1.0000
chr18_75750000_77250000__EUR__t2d_vs_asthma	18:75750000-77250000	EUR	t2d	asthma	0.0989	high	0.002	0.0189	0.0800	1.0000
chr12_46750000_59250000__EUR__t2d_vs_asthma	12:46750000-59250000	EUR	t2d	asthma	0.0989	high	0.002	0.0189	0.0800	1.0000
chr15_70750000_84250000__EUR__t2d_vs_asthma	15:70750000-84250000	EUR	t2d	asthma	0.0989	high	0.002	0.0189	0.0800	1.0000
chr21_38750000_47250000__EUR__t2d_vs_asthma	21:38750000-47250000	EUR	t2d	asthma	0.0989	high	0.002	0.0189	0.0800	1.0000
chr11_26750000_33250000__EUR__t2d_vs_asthma	11:26750000-33250000	EUR	t2d	asthma	0.0989	high	0.002	0.0189	0.0800	1.0000
chr8_71750000_75250000__EUR__t2d_vs_asthma	8:71750000-75250000	EUR	t2d	asthma	0.0989	high	0.002	0.0189	0.0800	1.0000
chr2_23750000_30250000__EUR__t2d_vs_asthma	2:23750000-30250000	EUR	t2d	asthma	0.0989	high	0.002	0.0189	0.0800	1.0000
chr15_65750000_70250000__EUR__t2d_vs_asthma	15:65750000-70250000	EUR	t2d	asthma	0.0989	high	0.002	0.0189	0.0800	1.0000
chr1_9750000_13250000__EUR__t2d_vs_asthma	1:9750000-13250000	EUR	t2d	asthma	0.0989	high	0.002	0.0189	0.0800	1.0000
chr14_49750000_51250000__EUR__t2d_vs_asthma	14:49750000-51250000	EUR	t2d	asthma	0.0989	high	0.002	0.0189	0.0800	1.0000
chr9_116750000_121250000__EUR__t2d_vs_asthma	9:116750000-121250000	EUR	t2d	asthma	0.0989	high	0.002	0.0189	0.0800	1.0000
chr17_72750000_74250000__EUR__t2d_vs_asthma	17:72750000-74250000	EUR	t2d	asthma	0.0989	high	0.002	0.0189	0.0800	1.0000
chr1_61750000_63250000__EUR__t2d_vs_asthma	1:61750000-63250000	EUR	t2d	asthma	0.0989	high	0.002	0.0189	0.0800	1.0000
chr11_91750000_94250000__EUR__t2d_vs_asthma	11:91750000-94250000	EUR	t2d	asthma	0.0989	high	0.002	0.0189	0.0800	1.0000
chr11_26750000_33250000__EUR__stroke_vs_asthma	11:26750000-33250000	EUR	stroke	asthma	0.0882	high	0.000	0.0082	0.0800	1.0000
chr21_38750000_47250000__EUR__stroke_vs_asthma	21:38750000-47250000	EUR	stroke	asthma	0.0882	high	0.000	0.0082	0.0800	1.0000
chr2_23750000_30250000__EUR__stroke_vs_asthma	2:23750000-30250000	EUR	stroke	asthma	0.0882	high	0.000	0.0082	0.0800	1.0000
chr18_75750000_77250000__EUR__stroke_vs_asthma	18:75750000-77250000	EUR	stroke	asthma	0.0882	high	0.000	0.0082	0.0800	1.0000
chr19_2750000_15250000__EUR__stroke_vs_asthma	19:2750000-15250000	EUR	stroke	asthma	0.0882	high	0.000	0.0082	0.0800	1.0000
chr9_116750000_121250000__EUR__stroke_vs_asthma	9:116750000-121250000	EUR	stroke	asthma	0.0882	high	0.000	0.0082	0.0800	1.0000
chr8_71750000_75250000__EUR__stroke_vs_asthma	8:71750000-75250000	EUR	stroke	asthma	0.0882	high	0.000	0.0082	0.0800	1.0000
chr15_70750000_84250000__EUR__stroke_vs_asthma	15:70750000-84250000	EUR	stroke	asthma	0.0882	high	0.000	0.0082	0.0800	1.0000
chr7_128750000_132250000__AFR__t2d_vs_asthma	7:128750000-132250000	AFR	t2d	asthma	0.0691	high	0.003	0.0189	0.1500	0.4091
chr1_5750000_9250000__AFR__t2d_vs_asthma	1:5750000-9250000	AFR	t2d	asthma	0.0691	high	0.003	0.0189	0.1500	0.4091
chr5_31750000_34250000__AFR__t2d_vs_asthma	5:31750000-34250000	AFR	t2d	asthma	0.0691	high	0.003	0.0189	0.1500	0.4091
chr12_107750000_117250000__AFR__t2d_vs_asthma	12:107750000-117250000	AFR	t2d	asthma	0.0691	high	0.003	0.0189	0.1500	0.4091
chr1_55750000_58250000__AFR__t2d_vs_asthma	1:55750000-58250000	AFR	t2d	asthma	0.0691	high	0.003	0.0189	0.1500	0.4091
chr13_64750000_68250000__AFR__t2d_vs_asthma	13:64750000-68250000	AFR	t2d	asthma	0.0691	high	0.003	0.0189	0.1500	0.4091
chr9_26750000_32250000__AFR__t2d_vs_asthma	9:26750000-32250000	AFR	t2d	asthma	0.0691	high	0.003	0.0189	0.1500	0.4091
chr6_62750000_65250000__AFR__t2d_vs_asthma	6:62750000-65250000	AFR	t2d	asthma	0.0691	high	0.003	0.0189	0.1500	0.4091
chr6_16750000_36250000__AFR__t2d_vs_asthma	6:16750000-36250000	AFR	t2d	asthma	0.0691	high	0.003	0.0189	0.1500	0.4091
chr3_167750000_172250000__AFR__t2d_vs_asthma	3:167750000-172250000	AFR	t2d	asthma	0.0691	high	0.003	0.0189	0.1500	0.4091
chr15_89750000_97250000__AFR__t2d_vs_asthma	15:89750000-97250000	AFR	t2d	asthma	0.0691	high	0.003	0.0189	0.1500	0.4091
chr12_13750000_21250000__AFR__t2d_vs_asthma	12:13750000-21250000	AFR	t2d	asthma	0.0691	high	0.003	0.0189	0.1500	0.4091
chr14_78750000_81250000__AFR__t2d_vs_asthma	14:78750000-81250000	AFR	t2d	asthma	0.0691	high	0.003	0.0189	0.1500	0.4091
chr8_137750000_139250000__AFR__t2d_vs_asthma	8:137750000-139250000	AFR	t2d	asthma	0.0691	high	0.003	0.0189	0.1500	0.4091
chr13_109750000_113250000__AFR__t2d_vs_asthma	13:109750000-113250000	AFR	t2d	asthma	0.0691	high	0.003	0.0189	0.1500	0.4091
chr13_71750000_74250000__AFR__t2d_vs_asthma	13:71750000-74250000	AFR	t2d	asthma	0.0691	high	0.003	0.0189	0.1500	0.4091
chr5_72750000_78250000__AFR__t2d_vs_asthma	5:72750000-78250000	AFR	t2d	asthma	0.0691	high	0.003	0.0189	0.1500	0.4091
chr1_208750000_211250000__AFR__t2d_vs_asthma	1:208750000-211250000	AFR	t2d	asthma	0.0691	high	0.003	0.0189	0.1500	0.4091
chr14_22750000_26250000__AFR__t2d_vs_asthma	14:22750000-26250000	AFR	t2d	asthma	0.0691	high	0.003	0.0189	0.1500	0.4091
chr18_49750000_59250000__AFR__t2d_vs_asthma	18:49750000-59250000	AFR	t2d	asthma	0.0691	high	0.003	0.0189	0.1500	0.4091
chr12_93750000_95250000__AFR__t2d_vs_asthma	12:93750000-95250000	AFR	t2d	asthma	0.0691	high	0.003	0.0189	0.1500	0.4091
chr1_106750000_111250000__AFR__t2d_vs_asthma	1:106750000-111250000	AFR	t2d	asthma	0.0691	high	0.003	0.0189	0.1500	0.4091
chr4_100750000_107250000__AFR__t2d_vs_asthma	4:100750000-107250000	AFR	t2d	asthma	0.0691	high	0.003	0.0189	0.1500	0.4091
chr1_170750000_178250000__AFR__t2d_vs_asthma	1:170750000-178250000	AFR	t2d	asthma	0.0691	high	0.003	0.0189	0.1500	0.4091
chr10_113750000_117250000__AFR__t2d_vs_asthma	10:113750000-117250000	AFR	t2d	asthma	0.0691	high	0.003	0.0189	0.1500	0.4091
chr18_18750000_25250000__AFR__t2d_vs_asthma	18:18750000-25250000	AFR	t2d	asthma	0.0691	high	0.003	0.0189	0.1500	0.4091
chr1_76750000_81250000__AFR__t2d_vs_asthma	1:76750000-81250000	AFR	t2d	asthma	0.0691	high	0.003	0.0189	0.1500	0.4091
chr1_144750000_147250000__AFR__t2d_vs_asthma	1:144750000-147250000	AFR	t2d	asthma	0.0691	high	0.003	0.0189	0.1500	0.4091
chr13_52750000_55250000__AFR__stroke_vs_asthma	13:52750000-55250000	AFR	stroke	asthma	0.0647	high	0.000	0.0082	0.1500	0.4091
chr1_5750000_9250000__AFR__stroke_vs_asthma	1:5750000-9250000	AFR	stroke	asthma	0.0647	high	0.000	0.0082	0.1500	0.4091
chr5_72750000_78250000__AFR__stroke_vs_asthma	5:72750000-78250000	AFR	stroke	asthma	0.0647	high	0.000	0.0082	0.1500	0.4091
chr1_55750000_58250000__AFR__stroke_vs_asthma	1:55750000-58250000	AFR	stroke	asthma	0.0647	high	0.000	0.0082	0.1500	0.4091
chr3_149750000_151250000__AFR__stroke_vs_asthma	3:149750000-151250000	AFR	stroke	asthma	0.0647	high	0.000	0.0082	0.1500	0.4091
chr11_42750000_44250000__AFR__stroke_vs_asthma	11:42750000-44250000	AFR	stroke	asthma	0.0647	high	0.000	0.0082	0.1500	0.4091
chr1_76750000_81250000__AFR__stroke_vs_asthma	1:76750000-81250000	AFR	stroke	asthma	0.0647	high	0.000	0.0082	0.1500	0.4091
chr5_171750000_174250000__AFR__stroke_vs_asthma	5:171750000-174250000	AFR	stroke	asthma	0.0647	high	0.000	0.0082	0.1500	0.4091
chr13_109750000_113250000__AFR__stroke_vs_asthma	13:109750000-113250000	AFR	stroke	asthma	0.0647	high	0.000	0.0082	0.1500	0.4091
chr12_0_3250000__AFR__stroke_vs_asthma	12:0-3250000	AFR	stroke	asthma	0.0647	high	0.000	0.0082	0.1500	0.4091
chr4_100750000_107250000__AFR__stroke_vs_asthma	4:100750000-107250000	AFR	stroke	asthma	0.0647	high	0.000	0.0082	0.1500	0.4091
chr17_20750000_22250000__AFR__stroke_vs_asthma	17:20750000-22250000	AFR	stroke	asthma	0.0647	high	0.000	0.0082	0.1500	0.4091
chr9_26750000_32250000__AFR__stroke_vs_asthma	9:26750000-32250000	AFR	stroke	asthma	0.0647	high	0.000	0.0082	0.1500	0.4091
chr18_59750000_61250000__AFR__stroke_vs_asthma	18:59750000-61250000	AFR	stroke	asthma	0.0647	high	0.000	0.0082	0.1500	0.4091
chr12_13750000_21250000__AFR__stroke_vs_asthma	12:13750000-21250000	AFR	stroke	asthma	0.0647	high	0.000	0.0082	0.1500	0.4091
chr1_170750000_178250000__AFR__stroke_vs_asthma	1:170750000-178250000	AFR	stroke	asthma	0.0647	high	0.000	0.0082	0.1500	0.4091
chr1_106750000_111250000__AFR__stroke_vs_asthma	1:106750000-111250000	AFR	stroke	asthma	0.0647	high	0.000	0.0082	0.1500	0.4091
chr5_129750000_134250000__AFR__stroke_vs_asthma	5:129750000-134250000	AFR	stroke	asthma	0.0647	high	0.000	0.0082	0.1500	0.4091
chr18_0_2250000__AFR__stroke_vs_asthma	18:0-2250000	AFR	stroke	asthma	0.0647	high	0.000	0.0082	0.1500	0.4091
chr1_208750000_211250000__AFR__stroke_vs_asthma	1:208750000-211250000	AFR	stroke	asthma	0.0647	high	0.000	0.0082	0.1500	0.4091
chr2_134750000_136250000__AFR__stroke_vs_asthma	2:134750000-136250000	AFR	stroke	asthma	0.0647	high	0.000	0.0082	0.1500	0.4091
chr5_99750000_104250000__AFR__stroke_vs_asthma	5:99750000-104250000	AFR	stroke	asthma	0.0647	high	0.000	0.0082	0.1500	0.4091
chr4_43750000_46250000__AFR__stroke_vs_asthma	4:43750000-46250000	AFR	stroke	asthma	0.0647	high	0.000	0.0082	0.1500	0.4091
chr15_89750000_97250000__AFR__stroke_vs_asthma	15:89750000-97250000	AFR	stroke	asthma	0.0647	high	0.000	0.0082	0.1500	0.4091
chr5_93750000_98250000__AFR__stroke_vs_asthma	5:93750000-98250000	AFR	stroke	asthma	0.0647	high	0.000	0.0082	0.1500	0.4091
chr18_49750000_59250000__AFR__stroke_vs_asthma	18:49750000-59250000	AFR	stroke	asthma	0.0647	high	0.000	0.0082	0.1500	0.4091
chr13_71750000_74250000__AFR__stroke_vs_asthma	13:71750000-74250000	AFR	stroke	asthma	0.0647	high	0.000	0.0082	0.1500	0.4091
chr11_0_5250000__AFR__stroke_vs_asthma	11:0-5250000	AFR	stroke	asthma	0.0647	high	0.000	0.0082	0.1500	0.4091
chr6_16750000_36250000__AFR__stroke_vs_asthma	6:16750000-36250000	AFR	stroke	asthma	0.0647	high	0.000	0.0082	0.1500	0.4091
chr3_69750000_71250000__AFR__stroke_vs_asthma	3:69750000-71250000	AFR	stroke	asthma	0.0647	high	0.000	0.0082	0.1500	0.4091
chr14_22750000_26250000__AFR__stroke_vs_asthma	14:22750000-26250000	AFR	stroke	asthma	0.0647	high	0.000	0.0082	0.1500	0.4091
chr13_64750000_68250000__AFR__stroke_vs_asthma	13:64750000-68250000	AFR	stroke	asthma	0.0647	high	0.000	0.0082	0.1500	0.4091
chr3_167750000_172250000__AFR__stroke_vs_asthma	3:167750000-172250000	AFR	stroke	asthma	0.0647	high	0.000	0.0082	0.1500	0.4091
chr3_120750000_126250000__AFR__stroke_vs_asthma	3:120750000-126250000	AFR	stroke	asthma	0.0647	high	0.000	0.0082	0.1500	0.4091
chr12_107750000_117250000__AFR__stroke_vs_asthma	12:107750000-117250000	AFR	stroke	asthma	0.0647	high	0.000	0.0082	0.1500	0.4091
chr1_111750000_114250000__AFR__stroke_vs_asthma	1:111750000-114250000	AFR	stroke	asthma	0.0647	high	0.000	0.0082	0.1500	0.4091
chr9_135750000_138250000__AFR__stroke_vs_asthma	9:135750000-138250000	AFR	stroke	asthma	0.0647	high	0.000	0.0082	0.1500	0.4091
chr14_96750000_105250000__AFR__stroke_vs_asthma	14:96750000-105250000	AFR	stroke	asthma	0.0647	high	0.000	0.0082	0.1500	0.4091
chr11_7750000_12250000__AFR__stroke_vs_asthma	11:7750000-12250000	AFR	stroke	asthma	0.0647	high	0.000	0.0082	0.1500	0.4091
chr5_120750000_125250000__AFR__stroke_vs_asthma	5:120750000-125250000	AFR	stroke	asthma	0.0647	high	0.000	0.0082	0.1500	0.4091
chr7_0_4250000__AFR__stroke_vs_asthma	7:0-4250000	AFR	stroke	asthma	0.0647	high	0.000	0.0082	0.1500	0.4091
chr5_31750000_34250000__AFR__stroke_vs_asthma	5:31750000-34250000	AFR	stroke	asthma	0.0647	high	0.000	0.0082	0.1500	0.4091
chr16_48750000_55250000__AFR__stroke_vs_asthma	16:48750000-55250000	AFR	stroke	asthma	0.0647	high	0.000	0.0082	0.1500	0.4091
chr10_113750000_117250000__AFR__stroke_vs_asthma	10:113750000-117250000	AFR	stroke	asthma	0.0647	high	0.000	0.0082	0.1500	0.4091
chr2_225750000_231250000__AFR__stroke_vs_asthma	2:225750000-231250000	AFR	stroke	asthma	0.0647	high	0.000	0.0082	0.1500	0.4091
chr7_23750000_29250000__AFR__stroke_vs_asthma	7:23750000-29250000	AFR	stroke	asthma	0.0647	high	0.000	0.0082	0.1500	0.4091
chr15_34750000_37250000__EUR__bmi_vs_hypertension	15:34750000-37250000	EUR	bmi	hypertension	0.0564	moderate	0.044	0.0564	0.0000	1.0000
chr2_39750000_49250000__EUR__bmi_vs_hypertension	2:39750000-49250000	EUR	bmi	hypertension	0.0564	moderate	0.044	0.0564	0.0000	1.0000
chr9_0_3250000__EUR__bmi_vs_hypertension	9:0-3250000	EUR	bmi	hypertension	0.0564	moderate	0.044	0.0564	0.0000	1.0000
chr15_45750000_50250000__EUR__bmi_vs_hypertension	15:45750000-50250000	EUR	bmi	hypertension	0.0564	moderate	0.044	0.0564	0.0000	1.0000
chr2_39750000_49250000__EUR__bmi_vs_asthma	2:39750000-49250000	EUR	bmi	asthma	0.0408	moderate	0.000	0.0408	0.0000	1.0000
chr13_29750000_34250000__EUR__bmi_vs_asthma	13:29750000-34250000	EUR	bmi	asthma	0.0408	moderate	0.000	0.0408	0.0000	1.0000
chr8_13750000_16250000__EUR__bmi_vs_asthma	8:13750000-16250000	EUR	bmi	asthma	0.0408	moderate	0.000	0.0408	0.0000	1.0000
chr10_29750000_35250000__EUR__bmi_vs_asthma	10:29750000-35250000	EUR	bmi	asthma	0.0408	moderate	0.000	0.0408	0.0000	1.0000
chr9_0_3250000__EUR__bmi_vs_asthma	9:0-3250000	EUR	bmi	asthma	0.0408	moderate	0.000	0.0408	0.0000	1.0000
chr8_3750000_5250000__EUR__bmi_vs_asthma	8:3750000-5250000	EUR	bmi	asthma	0.0408	moderate	0.000	0.0408	0.0000	1.0000
chr11_110750000_123250000__EUR__bmi_vs_asthma	11:110750000-123250000	EUR	bmi	asthma	0.0408	moderate	0.000	0.0408	0.0000	1.0000
chr6_159750000_165250000__EUR__bmi_vs_asthma	6:159750000-165250000	EUR	bmi	asthma	0.0408	moderate	0.000	0.0408	0.0000	1.0000
chr10_90750000_101250000__EUR__bmi_vs_asthma	10:90750000-101250000	EUR	bmi	asthma	0.0408	moderate	0.000	0.0408	0.0000	1.0000
chr7_12750000_23250000__EUR__bmi_vs_asthma	7:12750000-23250000	EUR	bmi	asthma	0.0408	moderate	0.000	0.0408	0.0000	1.0000
chr15_70750000_84250000__AFR__t2d_vs_asthma	15:70750000-84250000	AFR	t2d	asthma	0.0405	high	0.002	0.0189	0.0800	0.4091
chr9_116750000_121250000__AFR__t2d_vs_asthma	9:116750000-121250000	AFR	t2d	asthma	0.0405	high	0.002	0.0189	0.0800	0.4091
chr17_17750000_20250000__AFR__t2d_vs_asthma	17:17750000-20250000	AFR	t2d	asthma	0.0405	high	0.002	0.0189	0.0800	0.4091
chr2_119750000_122250000__AFR__t2d_vs_asthma	2:119750000-122250000	AFR	t2d	asthma	0.0405	high	0.002	0.0189	0.0800	0.4091
chr12_22750000_25250000__AFR__t2d_vs_asthma	12:22750000-25250000	AFR	t2d	asthma	0.0405	high	0.002	0.0189	0.0800	0.4091
chr15_65750000_70250000__AFR__t2d_vs_asthma	15:65750000-70250000	AFR	t2d	asthma	0.0405	high	0.002	0.0189	0.0800	0.4091
chr11_101750000_103250000__AFR__t2d_vs_asthma	11:101750000-103250000	AFR	t2d	asthma	0.0405	high	0.002	0.0189	0.0800	0.4091
chr5_175750000_177250000__AFR__t2d_vs_asthma	5:175750000-177250000	AFR	t2d	asthma	0.0405	high	0.002	0.0189	0.0800	0.4091
chr19_48750000_50250000__AFR__t2d_vs_asthma	19:48750000-50250000	AFR	t2d	asthma	0.0405	high	0.002	0.0189	0.0800	0.4091
chr10_61750000_67250000__AFR__t2d_vs_asthma	10:61750000-67250000	AFR	t2d	asthma	0.0405	high	0.002	0.0189	0.0800	0.4091
chr1_9750000_13250000__AFR__t2d_vs_asthma	1:9750000-13250000	AFR	t2d	asthma	0.0405	high	0.002	0.0189	0.0800	0.4091
chr4_110750000_114250000__AFR__t2d_vs_asthma	4:110750000-114250000	AFR	t2d	asthma	0.0405	high	0.002	0.0189	0.0800	0.4091
chr1_216750000_220250000__AFR__t2d_vs_asthma	1:216750000-220250000	AFR	t2d	asthma	0.0405	high	0.002	0.0189	0.0800	0.4091
chr13_113750000_116250000__AFR__t2d_vs_asthma	13:113750000-116250000	AFR	t2d	asthma	0.0405	high	0.002	0.0189	0.0800	0.4091
chr18_75750000_77250000__AFR__t2d_vs_asthma	18:75750000-77250000	AFR	t2d	asthma	0.0405	high	0.002	0.0189	0.0800	0.4091
chr19_2750000_15250000__AFR__t2d_vs_asthma	19:2750000-15250000	AFR	t2d	asthma	0.0405	high	0.002	0.0189	0.0800	0.4091
chr2_180750000_184250000__AFR__t2d_vs_asthma	2:180750000-184250000	AFR	t2d	asthma	0.0405	high	0.002	0.0189	0.0800	0.4091
chr7_38750000_40250000__AFR__t2d_vs_asthma	7:38750000-40250000	AFR	t2d	asthma	0.0405	high	0.002	0.0189	0.0800	0.4091
chr8_71750000_75250000__AFR__t2d_vs_asthma	8:71750000-75250000	AFR	t2d	asthma	0.0405	high	0.002	0.0189	0.0800	0.4091
chr2_23750000_30250000__AFR__t2d_vs_asthma	2:23750000-30250000	AFR	t2d	asthma	0.0405	high	0.002	0.0189	0.0800	0.4091
chr1_61750000_63250000__AFR__t2d_vs_asthma	1:61750000-63250000	AFR	t2d	asthma	0.0405	high	0.002	0.0189	0.0800	0.4091
chr7_12750000_23250000__EUR__hypertension_vs_asthma	7:12750000-23250000	EUR	hypertension	asthma	0.0369	high	0.007	0.0369	0.0000	1.0000
chr12_119750000_125250000__EUR__hypertension_vs_asthma	12:119750000-125250000	EUR	hypertension	asthma	0.0369	high	0.007	0.0369	0.0000	1.0000
chr1_226750000_231250000__EUR__hypertension_vs_asthma	1:226750000-231250000	EUR	hypertension	asthma	0.0369	high	0.007	0.0369	0.0000	1.0000
chr7_67750000_81250000__EUR__hypertension_vs_asthma	7:67750000-81250000	EUR	hypertension	asthma	0.0369	high	0.007	0.0369	0.0000	1.0000
chr11_129750000_135250000__EUR__hypertension_vs_asthma	11:129750000-135250000	EUR	hypertension	asthma	0.0369	high	0.007	0.0369	0.0000	1.0000
chr2_70750000_74250000__EUR__hypertension_vs_asthma	2:70750000-74250000	EUR	hypertension	asthma	0.0369	high	0.007	0.0369	0.0000	1.0000
chr14_61750000_64250000__EUR__hypertension_vs_asthma	14:61750000-64250000	EUR	hypertension	asthma	0.0369	high	0.007	0.0369	0.0000	1.0000
chr13_29750000_34250000__EUR__hypertension_vs_asthma	13:29750000-34250000	EUR	hypertension	asthma	0.0369	high	0.007	0.0369	0.0000	1.0000
chr3_192750000_198250000__EUR__hypertension_vs_asthma	3:192750000-198250000	EUR	hypertension	asthma	0.0369	high	0.007	0.0369	0.0000	1.0000
chr9_12750000_17250000__EUR__hypertension_vs_asthma	9:12750000-17250000	EUR	hypertension	asthma	0.0369	high	0.007	0.0369	0.0000	1.0000
chr10_5750000_7250000__EUR__hypertension_vs_asthma	10:5750000-7250000	EUR	hypertension	asthma	0.0369	high	0.007	0.0369	0.0000	1.0000
chr9_7750000_12250000__EUR__hypertension_vs_asthma	9:7750000-12250000	EUR	hypertension	asthma	0.0369	high	0.007	0.0369	0.0000	1.0000
chr7_154750000_158250000__EUR__hypertension_vs_asthma	7:154750000-158250000	EUR	hypertension	asthma	0.0369	high	0.007	0.0369	0.0000	1.0000
chr19_15750000_20250000__EUR__hypertension_vs_asthma	19:15750000-20250000	EUR	hypertension	asthma	0.0369	high	0.007	0.0369	0.0000	1.0000
chr16_22750000_25250000__EUR__hypertension_vs_asthma	16:22750000-25250000	EUR	hypertension	asthma	0.0369	high	0.007	0.0369	0.0000	1.0000
chr10_29750000_35250000__EUR__hypertension_vs_asthma	10:29750000-35250000	EUR	hypertension	asthma	0.0369	high	0.007	0.0369	0.0000	1.0000
chr9_3750000_7250000__EUR__hypertension_vs_asthma	9:3750000-7250000	EUR	hypertension	asthma	0.0369	high	0.007	0.0369	0.0000	1.0000
chr6_103750000_105250000__EUR__hypertension_vs_asthma	6:103750000-105250000	EUR	hypertension	asthma	0.0369	high	0.007	0.0369	0.0000	1.0000
chr6_159750000_165250000__EUR__hypertension_vs_asthma	6:159750000-165250000	EUR	hypertension	asthma	0.0369	high	0.007	0.0369	0.0000	1.0000
chr16_0_1250000__EUR__hypertension_vs_asthma	16:0-1250000	EUR	hypertension	asthma	0.0369	high	0.007	0.0369	0.0000	1.0000
chr10_11750000_14250000__EUR__hypertension_vs_asthma	10:11750000-14250000	EUR	hypertension	asthma	0.0369	high	0.007	0.0369	0.0000	1.0000
chr8_3750000_5250000__EUR__hypertension_vs_asthma	8:3750000-5250000	EUR	hypertension	asthma	0.0369	high	0.007	0.0369	0.0000	1.0000
chr1_178750000_181250000__EUR__hypertension_vs_asthma	1:178750000-181250000	EUR	hypertension	asthma	0.0369	high	0.007	0.0369	0.0000	1.0000
chr8_88750000_91250000__EUR__hypertension_vs_asthma	8:88750000-91250000	EUR	hypertension	asthma	0.0369	high	0.007	0.0369	0.0000	1.0000
chr3_155750000_159250000__EUR__hypertension_vs_asthma	3:155750000-159250000	EUR	hypertension	asthma	0.0369	high	0.007	0.0369	0.0000	1.0000
chr3_178750000_190250000__EUR__hypertension_vs_asthma	3:178750000-190250000	EUR	hypertension	asthma	0.0369	high	0.007	0.0369	0.0000	1.0000
chr18_71750000_74250000__EUR__hypertension_vs_asthma	18:71750000-74250000	EUR	hypertension	asthma	0.0369	high	0.007	0.0369	0.0000	1.0000
chr10_132750000_135250000__EUR__hypertension_vs_asthma	10:132750000-135250000	EUR	hypertension	asthma	0.0369	high	0.007	0.0369	0.0000	1.0000
chr7_43750000_47250000__EUR__hypertension_vs_asthma	7:43750000-47250000	EUR	hypertension	asthma	0.0369	high	0.007	0.0369	0.0000	1.0000
chr3_175750000_178250000__EUR__hypertension_vs_asthma	3:175750000-178250000	EUR	hypertension	asthma	0.0369	high	0.007	0.0369	0.0000	1.0000
chr13_49750000_52250000__EUR__hypertension_vs_asthma	13:49750000-52250000	EUR	hypertension	asthma	0.0369	high	0.007	0.0369	0.0000	1.0000
chr8_13750000_16250000__EUR__hypertension_vs_asthma	8:13750000-16250000	EUR	hypertension	asthma	0.0369	high	0.007	0.0369	0.0000	1.0000
chr11_53750000_59250000__EUR__hypertension_vs_asthma	11:53750000-59250000	EUR	hypertension	asthma	0.0369	high	0.007	0.0369	0.0000	1.0000
chr5_58750000_65250000__EUR__hypertension_vs_asthma	5:58750000-65250000	EUR	hypertension	asthma	0.0369	high	0.007	0.0369	0.0000	1.0000
chr10_90750000_101250000__EUR__hypertension_vs_asthma	10:90750000-101250000	EUR	hypertension	asthma	0.0369	high	0.007	0.0369	0.0000	1.0000
chr2_39750000_49250000__EUR__hypertension_vs_asthma	2:39750000-49250000	EUR	hypertension	asthma	0.0369	high	0.007	0.0369	0.0000	1.0000
chr17_37750000_50250000__EUR__hypertension_vs_asthma	17:37750000-50250000	EUR	hypertension	asthma	0.0369	high	0.007	0.0369	0.0000	1.0000
chr3_31750000_34250000__EUR__hypertension_vs_asthma	3:31750000-34250000	EUR	hypertension	asthma	0.0369	high	0.007	0.0369	0.0000	1.0000
chr2_34750000_38250000__EUR__hypertension_vs_asthma	2:34750000-38250000	EUR	hypertension	asthma	0.0369	high	0.007	0.0369	0.0000	1.0000
chr22_27750000_33250000__EUR__hypertension_vs_asthma	22:27750000-33250000	EUR	hypertension	asthma	0.0369	high	0.007	0.0369	0.0000	1.0000
chr11_110750000_123250000__EUR__hypertension_vs_asthma	11:110750000-123250000	EUR	hypertension	asthma	0.0369	high	0.007	0.0369	0.0000	1.0000
chr13_24750000_29250000__EUR__hypertension_vs_asthma	13:24750000-29250000	EUR	hypertension	asthma	0.0369	high	0.007	0.0369	0.0000	1.0000
chr8_750000_2250000__EUR__hypertension_vs_asthma	8:750000-2250000	EUR	hypertension	asthma	0.0369	high	0.007	0.0369	0.0000	1.0000
chr1_188750000_192250000__EUR__hypertension_vs_asthma	1:188750000-192250000	EUR	hypertension	asthma	0.0369	high	0.007	0.0369	0.0000	1.0000
chr9_32750000_38250000__EUR__hypertension_vs_asthma	9:32750000-38250000	EUR	hypertension	asthma	0.0369	high	0.007	0.0369	0.0000	1.0000
chr9_0_3250000__EUR__hypertension_vs_asthma	9:0-3250000	EUR	hypertension	asthma	0.0369	high	0.007	0.0369	0.0000	1.0000
chr16_26750000_32250000__EUR__hypertension_vs_asthma	16:26750000-32250000	EUR	hypertension	asthma	0.0369	high	0.007	0.0369	0.0000	1.0000
chr18_5750000_8250000__EUR__hypertension_vs_asthma	18:5750000-8250000	EUR	hypertension	asthma	0.0369	high	0.007	0.0369	0.0000	1.0000
chr8_104750000_107250000__EUR__hypertension_vs_asthma	8:104750000-107250000	EUR	hypertension	asthma	0.0369	high	0.007	0.0369	0.0000	1.0000
chr5_104750000_109250000__EUR__hypertension_vs_asthma	5:104750000-109250000	EUR	hypertension	asthma	0.0369	high	0.007	0.0369	0.0000	1.0000
chr3_17750000_19250000__AFR__stroke_vs_asthma	3:17750000-19250000	AFR	stroke	asthma	0.0361	high	0.000	0.0082	0.0800	0.4091
chr21_38750000_47250000__AFR__stroke_vs_asthma	21:38750000-47250000	AFR	stroke	asthma	0.0361	high	0.000	0.0082	0.0800	0.4091
chr4_19750000_22250000__AFR__stroke_vs_asthma	4:19750000-22250000	AFR	stroke	asthma	0.0361	high	0.000	0.0082	0.0800	0.4091
chr15_65750000_70250000__AFR__stroke_vs_asthma	15:65750000-70250000	AFR	stroke	asthma	0.0361	high	0.000	0.0082	0.0800	0.4091
chr2_23750000_30250000__AFR__stroke_vs_asthma	2:23750000-30250000	AFR	stroke	asthma	0.0361	high	0.000	0.0082	0.0800	0.4091
chr8_7750000_12250000__AFR__stroke_vs_asthma	8:7750000-12250000	AFR	stroke	asthma	0.0361	high	0.000	0.0082	0.0800	0.4091
chr9_116750000_121250000__AFR__stroke_vs_asthma	9:116750000-121250000	AFR	stroke	asthma	0.0361	high	0.000	0.0082	0.0800	0.4091
chr19_48750000_50250000__AFR__stroke_vs_asthma	19:48750000-50250000	AFR	stroke	asthma	0.0361	high	0.000	0.0082	0.0800	0.4091
chr5_175750000_177250000__AFR__stroke_vs_asthma	5:175750000-177250000	AFR	stroke	asthma	0.0361	high	0.000	0.0082	0.0800	0.4091
chr11_75750000_79250000__AFR__stroke_vs_asthma	11:75750000-79250000	AFR	stroke	asthma	0.0361	high	0.000	0.0082	0.0800	0.4091
chr15_70750000_84250000__AFR__stroke_vs_asthma	15:70750000-84250000	AFR	stroke	asthma	0.0361	high	0.000	0.0082	0.0800	0.4091
chr10_61750000_67250000__AFR__stroke_vs_asthma	10:61750000-67250000	AFR	stroke	asthma	0.0361	high	0.000	0.0082	0.0800	0.4091
chr12_46750000_59250000__AFR__stroke_vs_asthma	12:46750000-59250000	AFR	stroke	asthma	0.0361	high	0.000	0.0082	0.0800	0.4091
chr19_2750000_15250000__AFR__stroke_vs_asthma	19:2750000-15250000	AFR	stroke	asthma	0.0361	high	0.000	0.0082	0.0800	0.4091
chr2_180750000_184250000__AFR__stroke_vs_asthma	2:180750000-184250000	AFR	stroke	asthma	0.0361	high	0.000	0.0082	0.0800	0.4091
chr4_93750000_97250000__AFR__stroke_vs_asthma	4:93750000-97250000	AFR	stroke	asthma	0.0361	high	0.000	0.0082	0.0800	0.4091
chr18_75750000_77250000__AFR__stroke_vs_asthma	18:75750000-77250000	AFR	stroke	asthma	0.0361	high	0.000	0.0082	0.0800	0.4091
chr2_119750000_122250000__AFR__stroke_vs_asthma	2:119750000-122250000	AFR	stroke	asthma	0.0361	high	0.000	0.0082	0.0800	0.4091
chr7_38750000_40250000__AFR__stroke_vs_asthma	7:38750000-40250000	AFR	stroke	asthma	0.0361	high	0.000	0.0082	0.0800	0.4091
chr6_48750000_54250000__AFR__stroke_vs_asthma	6:48750000-54250000	AFR	stroke	asthma	0.0361	high	0.000	0.0082	0.0800	0.4091
chr3_7750000_17250000__AFR__stroke_vs_asthma	3:7750000-17250000	AFR	stroke	asthma	0.0361	high	0.000	0.0082	0.0800	0.4091
chr4_110750000_114250000__AFR__stroke_vs_asthma	4:110750000-114250000	AFR	stroke	asthma	0.0361	high	0.000	0.0082	0.0800	0.4091
chr1_9750000_13250000__AFR__stroke_vs_asthma	1:9750000-13250000	AFR	stroke	asthma	0.0361	high	0.000	0.0082	0.0800	0.4091
chr12_22750000_25250000__AFR__stroke_vs_asthma	12:22750000-25250000	AFR	stroke	asthma	0.0361	high	0.000	0.0082	0.0800	0.4091
chr14_76750000_78250000__AFR__stroke_vs_asthma	14:76750000-78250000	AFR	stroke	asthma	0.0361	high	0.000	0.0082	0.0800	0.4091
chr17_17750000_20250000__AFR__stroke_vs_asthma	17:17750000-20250000	AFR	stroke	asthma	0.0361	high	0.000	0.0082	0.0800	0.4091
chr4_118750000_121250000__EUR__t2d_vs_asthma	4:118750000-121250000	EUR	t2d	asthma	0.0189	high	0.001	0.0189	0.0000	1.0000
chr6_37750000_45250000__EUR__t2d_vs_asthma	6:37750000-45250000	EUR	t2d	asthma	0.0189	high	0.001	0.0189	0.0000	1.0000
chr16_0_1250000__EUR__t2d_vs_asthma	16:0-1250000	EUR	t2d	asthma	0.0189	high	0.001	0.0189	0.0000	1.0000
chr6_168750000_170250000__EUR__t2d_vs_asthma	6:168750000-170250000	EUR	t2d	asthma	0.0189	high	0.001	0.0189	0.0000	1.0000
chr21_29750000_31250000__EUR__t2d_vs_asthma	21:29750000-31250000	EUR	t2d	asthma	0.0189	high	0.001	0.0189	0.0000	1.0000
chr6_149750000_158250000__EUR__t2d_vs_asthma	6:149750000-158250000	EUR	t2d	asthma	0.0189	high	0.001	0.0189	0.0000	1.0000
chr9_32750000_38250000__EUR__t2d_vs_asthma	9:32750000-38250000	EUR	t2d	asthma	0.0189	high	0.001	0.0189	0.0000	1.0000
chr7_111750000_115250000__EUR__t2d_vs_asthma	7:111750000-115250000	EUR	t2d	asthma	0.0189	high	0.001	0.0189	0.0000	1.0000
chr3_175750000_178250000__EUR__t2d_vs_asthma	3:175750000-178250000	EUR	t2d	asthma	0.0189	high	0.001	0.0189	0.0000	1.0000
chr6_103750000_105250000__EUR__t2d_vs_asthma	6:103750000-105250000	EUR	t2d	asthma	0.0189	high	0.001	0.0189	0.0000	1.0000
chr1_160750000_162250000__EUR__t2d_vs_asthma	1:160750000-162250000	EUR	t2d	asthma	0.0189	high	0.001	0.0189	0.0000	1.0000
chr12_81750000_83250000__EUR__t2d_vs_asthma	12:81750000-83250000	EUR	t2d	asthma	0.0189	high	0.001	0.0189	0.0000	1.0000
chr9_100750000_105250000__EUR__t2d_vs_asthma	9:100750000-105250000	EUR	t2d	asthma	0.0189	high	0.001	0.0189	0.0000	1.0000
chr11_129750000_135250000__EUR__t2d_vs_asthma	11:129750000-135250000	EUR	t2d	asthma	0.0189	high	0.001	0.0189	0.0000	1.0000
chr6_136750000_138250000__EUR__t2d_vs_asthma	6:136750000-138250000	EUR	t2d	asthma	0.0189	high	0.001	0.0189	0.0000	1.0000
chr2_195750000_197250000__EUR__t2d_vs_asthma	2:195750000-197250000	EUR	t2d	asthma	0.0189	high	0.001	0.0189	0.0000	1.0000
chr10_123750000_127250000__EUR__t2d_vs_asthma	10:123750000-127250000	EUR	t2d	asthma	0.0189	high	0.001	0.0189	0.0000	1.0000
chr5_109750000_116250000__EUR__t2d_vs_asthma	5:109750000-116250000	EUR	t2d	asthma	0.0189	high	0.001	0.0189	0.0000	1.0000
chr4_66750000_69250000__EUR__t2d_vs_asthma	4:66750000-69250000	EUR	t2d	asthma	0.0189	high	0.001	0.0189	0.0000	1.0000
chr5_26750000_28250000__EUR__t2d_vs_asthma	5:26750000-28250000	EUR	t2d	asthma	0.0189	high	0.001	0.0189	0.0000	1.0000
chr17_11750000_13250000__EUR__t2d_vs_asthma	17:11750000-13250000	EUR	t2d	asthma	0.0189	high	0.001	0.0189	0.0000	1.0000
chr1_226750000_231250000__EUR__t2d_vs_asthma	1:226750000-231250000	EUR	t2d	asthma	0.0189	high	0.001	0.0189	0.0000	1.0000
chr5_143750000_145250000__EUR__t2d_vs_asthma	5:143750000-145250000	EUR	t2d	asthma	0.0189	high	0.001	0.0189	0.0000	1.0000
chr10_11750000_14250000__EUR__t2d_vs_asthma	10:11750000-14250000	EUR	t2d	asthma	0.0189	high	0.001	0.0189	0.0000	1.0000
chr11_44750000_52250000__EUR__t2d_vs_asthma	11:44750000-52250000	EUR	t2d	asthma	0.0189	high	0.001	0.0189	0.0000	1.0000
chr18_38750000_43250000__EUR__t2d_vs_asthma	18:38750000-43250000	EUR	t2d	asthma	0.0189	high	0.001	0.0189	0.0000	1.0000
chr5_0_2250000__EUR__t2d_vs_asthma	5:0-2250000	EUR	t2d	asthma	0.0189	high	0.001	0.0189	0.0000	1.0000
chr19_750000_2250000__EUR__t2d_vs_asthma	19:750000-2250000	EUR	t2d	asthma	0.0189	high	0.001	0.0189	0.0000	1.0000
chr2_84750000_87250000__EUR__t2d_vs_asthma	2:84750000-87250000	EUR	t2d	asthma	0.0189	high	0.001	0.0189	0.0000	1.0000
chr18_71750000_74250000__EUR__t2d_vs_asthma	18:71750000-74250000	EUR	t2d	asthma	0.0189	high	0.001	0.0189	0.0000	1.0000
chr9_12750000_17250000__EUR__t2d_vs_asthma	9:12750000-17250000	EUR	t2d	asthma	0.0189	high	0.001	0.0189	0.0000	1.0000
chr8_13750000_16250000__EUR__t2d_vs_asthma	8:13750000-16250000	EUR	t2d	asthma	0.0189	high	0.001	0.0189	0.0000	1.0000
chr10_5750000_7250000__EUR__t2d_vs_asthma	10:5750000-7250000	EUR	t2d	asthma	0.0189	high	0.001	0.0189	0.0000	1.0000
chr10_20750000_24250000__EUR__t2d_vs_asthma	10:20750000-24250000	EUR	t2d	asthma	0.0189	high	0.001	0.0189	0.0000	1.0000
chr13_57750000_61250000__EUR__t2d_vs_asthma	13:57750000-61250000	EUR	t2d	asthma	0.0189	high	0.001	0.0189	0.0000	1.0000
chr6_146750000_148250000__EUR__t2d_vs_asthma	6:146750000-148250000	EUR	t2d	asthma	0.0189	high	0.001	0.0189	0.0000	1.0000
chr12_3750000_6250000__EUR__t2d_vs_asthma	12:3750000-6250000	EUR	t2d	asthma	0.0189	high	0.001	0.0189	0.0000	1.0000
chr14_52750000_54250000__EUR__t2d_vs_asthma	14:52750000-54250000	EUR	t2d	asthma	0.0189	high	0.001	0.0189	0.0000	1.0000
chr3_31750000_34250000__EUR__t2d_vs_asthma	3:31750000-34250000	EUR	t2d	asthma	0.0189	high	0.001	0.0189	0.0000	1.0000
chr11_106750000_108250000__EUR__t2d_vs_asthma	11:106750000-108250000	EUR	t2d	asthma	0.0189	high	0.001	0.0189	0.0000	1.0000
chr3_40750000_54250000__EUR__t2d_vs_asthma	3:40750000-54250000	EUR	t2d	asthma	0.0189	high	0.001	0.0189	0.0000	1.0000
chr18_12750000_14250000__EUR__t2d_vs_asthma	18:12750000-14250000	EUR	t2d	asthma	0.0189	high	0.001	0.0189	0.0000	1.0000
chr17_26750000_33250000__EUR__t2d_vs_asthma	17:26750000-33250000	EUR	t2d	asthma	0.0189	high	0.001	0.0189	0.0000	1.0000
chr9_20750000_24250000__EUR__t2d_vs_asthma	9:20750000-24250000	EUR	t2d	asthma	0.0189	high	0.001	0.0189	0.0000	1.0000
chr9_110750000_115250000__EUR__t2d_vs_asthma	9:110750000-115250000	EUR	t2d	asthma	0.0189	high	0.001	0.0189	0.0000	1.0000
chr3_155750000_159250000__EUR__t2d_vs_asthma	3:155750000-159250000	EUR	t2d	asthma	0.0189	high	0.001	0.0189	0.0000	1.0000
chr5_146750000_149250000__EUR__t2d_vs_asthma	5:146750000-149250000	EUR	t2d	asthma	0.0189	high	0.001	0.0189	0.0000	1.0000
chr2_54750000_66250000__EUR__t2d_vs_asthma	2:54750000-66250000	EUR	t2d	asthma	0.0189	high	0.001	0.0189	0.0000	1.0000
chr9_0_3250000__EUR__t2d_vs_asthma	9:0-3250000	EUR	t2d	asthma	0.0189	high	0.001	0.0189	0.0000	1.0000
chr17_14750000_17250000__EUR__t2d_vs_asthma	17:14750000-17250000	EUR	t2d	asthma	0.0189	high	0.001	0.0189	0.0000	1.0000
chr11_62750000_75250000__EUR__t2d_vs_asthma	11:62750000-75250000	EUR	t2d	asthma	0.0189	high	0.001	0.0189	0.0000	1.0000
chr3_178750000_190250000__EUR__t2d_vs_asthma	3:178750000-190250000	EUR	t2d	asthma	0.0189	high	0.001	0.0189	0.0000	1.0000
chr2_34750000_38250000__EUR__t2d_vs_asthma	2:34750000-38250000	EUR	t2d	asthma	0.0189	high	0.001	0.0189	0.0000	1.0000
chr7_12750000_23250000__EUR__t2d_vs_asthma	7:12750000-23250000	EUR	t2d	asthma	0.0189	high	0.001	0.0189	0.0000	1.0000
chr5_163750000_166250000__EUR__t2d_vs_asthma	5:163750000-166250000	EUR	t2d	asthma	0.0189	high	0.001	0.0189	0.0000	1.0000
chr9_7750000_12250000__EUR__t2d_vs_asthma	9:7750000-12250000	EUR	t2d	asthma	0.0189	high	0.001	0.0189	0.0000	1.0000
chr11_59750000_62250000__EUR__t2d_vs_asthma	11:59750000-62250000	EUR	t2d	asthma	0.0189	high	0.001	0.0189	0.0000	1.0000
chr13_24750000_29250000__EUR__t2d_vs_asthma	13:24750000-29250000	EUR	t2d	asthma	0.0189	high	0.001	0.0189	0.0000	1.0000
chr6_92750000_94250000__EUR__t2d_vs_asthma	6:92750000-94250000	EUR	t2d	asthma	0.0189	high	0.001	0.0189	0.0000	1.0000
chr17_74750000_82250000__EUR__t2d_vs_asthma	17:74750000-82250000	EUR	t2d	asthma	0.0189	high	0.001	0.0189	0.0000	1.0000
chr20_28750000_36250000__EUR__t2d_vs_asthma	20:28750000-36250000	EUR	t2d	asthma	0.0189	high	0.001	0.0189	0.0000	1.0000
chr20_23750000_26250000__EUR__t2d_vs_asthma	20:23750000-26250000	EUR	t2d	asthma	0.0189	high	0.001	0.0189	0.0000	1.0000
chr6_159750000_165250000__EUR__t2d_vs_asthma	6:159750000-165250000	EUR	t2d	asthma	0.0189	high	0.001	0.0189	0.0000	1.0000
chr14_61750000_64250000__EUR__t2d_vs_asthma	14:61750000-64250000	EUR	t2d	asthma	0.0189	high	0.001	0.0189	0.0000	1.0000
chr20_750000_5250000__EUR__t2d_vs_asthma	20:750000-5250000	EUR	t2d	asthma	0.0189	high	0.001	0.0189	0.0000	1.0000
chr2_238750000_240250000__EUR__t2d_vs_asthma	2:238750000-240250000	EUR	t2d	asthma	0.0189	high	0.001	0.0189	0.0000	1.0000
chr12_78750000_80250000__EUR__t2d_vs_asthma	12:78750000-80250000	EUR	t2d	asthma	0.0189	high	0.001	0.0189	0.0000	1.0000
chr8_3750000_5250000__EUR__t2d_vs_asthma	8:3750000-5250000	EUR	t2d	asthma	0.0189	high	0.001	0.0189	0.0000	1.0000
chr16_26750000_32250000__EUR__t2d_vs_asthma	16:26750000-32250000	EUR	t2d	asthma	0.0189	high	0.001	0.0189	0.0000	1.0000
chr4_160750000_164250000__EUR__t2d_vs_asthma	4:160750000-164250000	EUR	t2d	asthma	0.0189	high	0.001	0.0189	0.0000	1.0000
chr18_47750000_49250000__EUR__t2d_vs_asthma	18:47750000-49250000	EUR	t2d	asthma	0.0189	high	0.001	0.0189	0.0000	1.0000
chr4_107750000_110250000__EUR__t2d_vs_asthma	4:107750000-110250000	EUR	t2d	asthma	0.0189	high	0.001	0.0189	0.0000	1.0000
chr1_213750000_215250000__EUR__t2d_vs_asthma	1:213750000-215250000	EUR	t2d	asthma	0.0189	high	0.001	0.0189	0.0000	1.0000
chr19_43750000_48250000__EUR__t2d_vs_asthma	19:43750000-48250000	EUR	t2d	asthma	0.0189	high	0.001	0.0189	0.0000	1.0000
chr3_192750000_198250000__EUR__t2d_vs_asthma	3:192750000-198250000	EUR	t2d	asthma	0.0189	high	0.001	0.0189	0.0000	1.0000
chr16_22750000_25250000__EUR__t2d_vs_asthma	16:22750000-25250000	EUR	t2d	asthma	0.0189	high	0.001	0.0189	0.0000	1.0000
chr1_178750000_181250000__EUR__t2d_vs_asthma	1:178750000-181250000	EUR	t2d	asthma	0.0189	high	0.001	0.0189	0.0000	1.0000
chr5_104750000_109250000__EUR__t2d_vs_asthma	5:104750000-109250000	EUR	t2d	asthma	0.0189	high	0.001	0.0189	0.0000	1.0000
chr3_132750000_139250000__EUR__t2d_vs_asthma	3:132750000-139250000	EUR	t2d	asthma	0.0189	high	0.001	0.0189	0.0000	1.0000
chr10_15750000_20250000__EUR__t2d_vs_asthma	10:15750000-20250000	EUR	t2d	asthma	0.0189	high	0.001	0.0189	0.0000	1.0000
chr3_79750000_91250000__EUR__t2d_vs_asthma	3:79750000-91250000	EUR	t2d	asthma	0.0189	high	0.001	0.0189	0.0000	1.0000
chr13_84750000_87250000__EUR__t2d_vs_asthma	13:84750000-87250000	EUR	t2d	asthma	0.0189	high	0.001	0.0189	0.0000	1.0000
chr5_126750000_129250000__EUR__t2d_vs_asthma	5:126750000-129250000	EUR	t2d	asthma	0.0189	high	0.001	0.0189	0.0000	1.0000
chr1_36750000_53250000__EUR__t2d_vs_asthma	1:36750000-53250000	EUR	t2d	asthma	0.0189	high	0.001	0.0189	0.0000	1.0000
chr4_37750000_41250000__EUR__t2d_vs_asthma	4:37750000-41250000	EUR	t2d	asthma	0.0189	high	0.001	0.0189	0.0000	1.0000
chr11_110750000_123250000__EUR__t2d_vs_asthma	11:110750000-123250000	EUR	t2d	asthma	0.0189	high	0.001	0.0189	0.0000	1.0000
chr22_27750000_33250000__EUR__t2d_vs_asthma	22:27750000-33250000	EUR	t2d	asthma	0.0189	high	0.001	0.0189	0.0000	1.0000
chr4_72750000_75250000__EUR__t2d_vs_asthma	4:72750000-75250000	EUR	t2d	asthma	0.0189	high	0.001	0.0189	0.0000	1.0000
chr9_3750000_7250000__EUR__t2d_vs_asthma	9:3750000-7250000	EUR	t2d	asthma	0.0189	high	0.001	0.0189	0.0000	1.0000
chr10_79750000_83250000__EUR__t2d_vs_asthma	10:79750000-83250000	EUR	t2d	asthma	0.0189	high	0.001	0.0189	0.0000	1.0000
chr5_58750000_65250000__EUR__t2d_vs_asthma	5:58750000-65250000	EUR	t2d	asthma	0.0189	high	0.001	0.0189	0.0000	1.0000
chr2_7750000_10250000__EUR__t2d_vs_asthma	2:7750000-10250000	EUR	t2d	asthma	0.0189	high	0.001	0.0189	0.0000	1.0000
chr12_119750000_125250000__EUR__t2d_vs_asthma	12:119750000-125250000	EUR	t2d	asthma	0.0189	high	0.001	0.0189	0.0000	1.0000
chr2_190750000_193250000__EUR__t2d_vs_asthma	2:190750000-193250000	EUR	t2d	asthma	0.0189	high	0.001	0.0189	0.0000	1.0000
chr2_51750000_54250000__EUR__t2d_vs_asthma	2:51750000-54250000	EUR	t2d	asthma	0.0189	high	0.001	0.0189	0.0000	1.0000
chr20_14750000_18250000__EUR__t2d_vs_asthma	20:14750000-18250000	EUR	t2d	asthma	0.0189	high	0.001	0.0189	0.0000	1.0000
chr18_5750000_8250000__EUR__t2d_vs_asthma	18:5750000-8250000	EUR	t2d	asthma	0.0189	high	0.001	0.0189	0.0000	1.0000
chr20_46750000_52250000__EUR__t2d_vs_asthma	20:46750000-52250000	EUR	t2d	asthma	0.0189	high	0.001	0.0189	0.0000	1.0000
chr10_29750000_35250000__EUR__t2d_vs_asthma	10:29750000-35250000	EUR	t2d	asthma	0.0189	high	0.001	0.0189	0.0000	1.0000
chr4_90750000_92250000__EUR__t2d_vs_asthma	4:90750000-92250000	EUR	t2d	asthma	0.0189	high	0.001	0.0189	0.0000	1.0000
chr12_32750000_34250000__EUR__t2d_vs_asthma	12:32750000-34250000	EUR	t2d	asthma	0.0189	high	0.001	0.0189	0.0000	1.0000
chr2_154750000_160250000__EUR__t2d_vs_asthma	2:154750000-160250000	EUR	t2d	asthma	0.0189	high	0.001	0.0189	0.0000	1.0000
chr8_88750000_91250000__EUR__t2d_vs_asthma	8:88750000-91250000	EUR	t2d	asthma	0.0189	high	0.001	0.0189	0.0000	1.0000
chr1_188750000_192250000__EUR__t2d_vs_asthma	1:188750000-192250000	EUR	t2d	asthma	0.0189	high	0.001	0.0189	0.0000	1.0000
chr15_50750000_54250000__EUR__t2d_vs_asthma	15:50750000-54250000	EUR	t2d	asthma	0.0189	high	0.001	0.0189	0.0000	1.0000
chr15_97750000_101250000__EUR__t2d_vs_asthma	15:97750000-101250000	EUR	t2d	asthma	0.0189	high	0.001	0.0189	0.0000	1.0000
chr11_53750000_59250000__EUR__t2d_vs_asthma	11:53750000-59250000	EUR	t2d	asthma	0.0189	high	0.001	0.0189	0.0000	1.0000
chr4_76750000_78250000__EUR__t2d_vs_asthma	4:76750000-78250000	EUR	t2d	asthma	0.0189	high	0.001	0.0189	0.0000	1.0000
chr6_750000_2250000__EUR__t2d_vs_asthma	6:750000-2250000	EUR	t2d	asthma	0.0189	high	0.001	0.0189	0.0000	1.0000
chr16_80750000_84250000__EUR__t2d_vs_asthma	16:80750000-84250000	EUR	t2d	asthma	0.0189	high	0.001	0.0189	0.0000	1.0000
chr1_224750000_226250000__EUR__t2d_vs_asthma	1:224750000-226250000	EUR	t2d	asthma	0.0189	high	0.001	0.0189	0.0000	1.0000
chr10_132750000_135250000__EUR__t2d_vs_asthma	10:132750000-135250000	EUR	t2d	asthma	0.0189	high	0.001	0.0189	0.0000	1.0000
chr9_123750000_132250000__EUR__t2d_vs_asthma	9:123750000-132250000	EUR	t2d	asthma	0.0189	high	0.001	0.0189	0.0000	1.0000
chr1_750000_4250000__EUR__t2d_vs_asthma	1:750000-4250000	EUR	t2d	asthma	0.0189	high	0.001	0.0189	0.0000	1.0000
chr13_29750000_34250000__EUR__t2d_vs_asthma	13:29750000-34250000	EUR	t2d	asthma	0.0189	high	0.001	0.0189	0.0000	1.0000
chr7_43750000_47250000__EUR__t2d_vs_asthma	7:43750000-47250000	EUR	t2d	asthma	0.0189	high	0.001	0.0189	0.0000	1.0000
chr10_130750000_132250000__EUR__t2d_vs_asthma	10:130750000-132250000	EUR	t2d	asthma	0.0189	high	0.001	0.0189	0.0000	1.0000
chr7_154750000_158250000__EUR__t2d_vs_asthma	7:154750000-158250000	EUR	t2d	asthma	0.0189	high	0.001	0.0189	0.0000	1.0000
chr7_105750000_108250000__EUR__t2d_vs_asthma	7:105750000-108250000	EUR	t2d	asthma	0.0189	high	0.001	0.0189	0.0000	1.0000
chr5_169750000_171250000__EUR__t2d_vs_asthma	5:169750000-171250000	EUR	t2d	asthma	0.0189	high	0.001	0.0189	0.0000	1.0000
chr8_115750000_119250000__EUR__t2d_vs_asthma	8:115750000-119250000	EUR	t2d	asthma	0.0189	high	0.001	0.0189	0.0000	1.0000
chr2_99750000_103250000__EUR__t2d_vs_asthma	2:99750000-103250000	EUR	t2d	asthma	0.0189	high	0.001	0.0189	0.0000	1.0000
chr7_67750000_81250000__EUR__t2d_vs_asthma	7:67750000-81250000	EUR	t2d	asthma	0.0189	high	0.001	0.0189	0.0000	1.0000
chr17_54750000_58250000__EUR__t2d_vs_asthma	17:54750000-58250000	EUR	t2d	asthma	0.0189	high	0.001	0.0189	0.0000	1.0000
chr18_9750000_11250000__EUR__t2d_vs_asthma	18:9750000-11250000	EUR	t2d	asthma	0.0189	high	0.001	0.0189	0.0000	1.0000
chr10_74750000_79250000__EUR__t2d_vs_asthma	10:74750000-79250000	EUR	t2d	asthma	0.0189	high	0.001	0.0189	0.0000	1.0000
chr19_15750000_20250000__EUR__t2d_vs_asthma	19:15750000-20250000	EUR	t2d	asthma	0.0189	high	0.001	0.0189	0.0000	1.0000
chr2_70750000_74250000__EUR__t2d_vs_asthma	2:70750000-74250000	EUR	t2d	asthma	0.0189	high	0.001	0.0189	0.0000	1.0000
chr2_170750000_176250000__EUR__t2d_vs_asthma	2:170750000-176250000	EUR	t2d	asthma	0.0189	high	0.001	0.0189	0.0000	1.0000
chr17_37750000_50250000__EUR__t2d_vs_asthma	17:37750000-50250000	EUR	t2d	asthma	0.0189	high	0.001	0.0189	0.0000	1.0000
chr8_750000_2250000__EUR__t2d_vs_asthma	8:750000-2250000	EUR	t2d	asthma	0.0189	high	0.001	0.0189	0.0000	1.0000
chr8_104750000_107250000__EUR__t2d_vs_asthma	8:104750000-107250000	EUR	t2d	asthma	0.0189	high	0.001	0.0189	0.0000	1.0000
chr5_41750000_44250000__EUR__t2d_vs_asthma	5:41750000-44250000	EUR	t2d	asthma	0.0189	high	0.001	0.0189	0.0000	1.0000
chr3_110750000_120250000__EUR__t2d_vs_asthma	3:110750000-120250000	EUR	t2d	asthma	0.0189	high	0.001	0.0189	0.0000	1.0000
chr2_80750000_82250000__EUR__t2d_vs_asthma	2:80750000-82250000	EUR	t2d	asthma	0.0189	high	0.001	0.0189	0.0000	1.0000
chr12_11750000_13250000__EUR__t2d_vs_asthma	12:11750000-13250000	EUR	t2d	asthma	0.0189	high	0.001	0.0189	0.0000	1.0000
chr13_49750000_52250000__EUR__t2d_vs_asthma	13:49750000-52250000	EUR	t2d	asthma	0.0189	high	0.001	0.0189	0.0000	1.0000
chr1_149750000_157250000__EUR__t2d_vs_asthma	1:149750000-157250000	EUR	t2d	asthma	0.0189	high	0.001	0.0189	0.0000	1.0000
chr16_8750000_13250000__EUR__t2d_vs_asthma	16:8750000-13250000	EUR	t2d	asthma	0.0189	high	0.001	0.0189	0.0000	1.0000
chr3_76750000_79250000__EUR__t2d_vs_asthma	3:76750000-79250000	EUR	t2d	asthma	0.0189	high	0.001	0.0189	0.0000	1.0000
chr18_30750000_32250000__EUR__t2d_vs_asthma	18:30750000-32250000	EUR	t2d	asthma	0.0189	high	0.001	0.0189	0.0000	1.0000
chr3_160750000_162250000__EUR__t2d_vs_asthma	3:160750000-162250000	EUR	t2d	asthma	0.0189	high	0.001	0.0189	0.0000	1.0000
chr10_110750000_112250000__EUR__t2d_vs_asthma	10:110750000-112250000	EUR	t2d	asthma	0.0189	high	0.001	0.0189	0.0000	1.0000
chr8_16750000_18250000__EUR__t2d_vs_asthma	8:16750000-18250000	EUR	t2d	asthma	0.0189	high	0.001	0.0189	0.0000	1.0000
chr10_90750000_101250000__EUR__t2d_vs_asthma	10:90750000-101250000	EUR	t2d	asthma	0.0189	high	0.001	0.0189	0.0000	1.0000
chr10_44750000_46250000__EUR__t2d_vs_asthma	10:44750000-46250000	EUR	t2d	asthma	0.0189	high	0.001	0.0189	0.0000	1.0000
chr4_121750000_123250000__EUR__t2d_vs_asthma	4:121750000-123250000	EUR	t2d	asthma	0.0189	high	0.001	0.0189	0.0000	1.0000
chr2_39750000_49250000__EUR__t2d_vs_asthma	2:39750000-49250000	EUR	t2d	asthma	0.0189	high	0.001	0.0189	0.0000	1.0000
chr2_39750000_49250000__EUR__bmi_vs_stroke	2:39750000-49250000	EUR	bmi	stroke	0.0167	high	0.004	0.0167	0.0000	1.0000
chr9_0_3250000__EUR__bmi_vs_stroke	9:0-3250000	EUR	bmi	stroke	0.0167	high	0.004	0.0167	0.0000	1.0000
chr15_34750000_37250000__EUR__bmi_vs_stroke	15:34750000-37250000	EUR	bmi	stroke	0.0167	high	0.004	0.0167	0.0000	1.0000
chr15_45750000_50250000__EUR__bmi_vs_stroke	15:45750000-50250000	EUR	bmi	stroke	0.0167	high	0.004	0.0167	0.0000	1.0000
chr2_34750000_38250000__EUR__stroke_vs_asthma	2:34750000-38250000	EUR	stroke	asthma	0.0082	high	0.000	0.0082	0.0000	1.0000
chr18_71750000_74250000__EUR__stroke_vs_asthma	18:71750000-74250000	EUR	stroke	asthma	0.0082	high	0.000	0.0082	0.0000	1.0000
chr11_110750000_123250000__EUR__stroke_vs_asthma	11:110750000-123250000	EUR	stroke	asthma	0.0082	high	0.000	0.0082	0.0000	1.0000
chr9_32750000_38250000__EUR__stroke_vs_asthma	9:32750000-38250000	EUR	stroke	asthma	0.0082	high	0.000	0.0082	0.0000	1.0000
chr8_88750000_91250000__EUR__stroke_vs_asthma	8:88750000-91250000	EUR	stroke	asthma	0.0082	high	0.000	0.0082	0.0000	1.0000
chr17_26750000_33250000__EUR__stroke_vs_asthma	17:26750000-33250000	EUR	stroke	asthma	0.0082	high	0.000	0.0082	0.0000	1.0000
chr2_39750000_49250000__EUR__stroke_vs_asthma	2:39750000-49250000	EUR	stroke	asthma	0.0082	high	0.000	0.0082	0.0000	1.0000
chr2_70750000_74250000__EUR__stroke_vs_asthma	2:70750000-74250000	EUR	stroke	asthma	0.0082	high	0.000	0.0082	0.0000	1.0000
chr9_0_3250000__EUR__stroke_vs_asthma	9:0-3250000	EUR	stroke	asthma	0.0082	high	0.000	0.0082	0.0000	1.0000
chr9_7750000_12250000__EUR__stroke_vs_asthma	9:7750000-12250000	EUR	stroke	asthma	0.0082	high	0.000	0.0082	0.0000	1.0000
chr5_58750000_65250000__EUR__stroke_vs_asthma	5:58750000-65250000	EUR	stroke	asthma	0.0082	high	0.000	0.0082	0.0000	1.0000
chr7_154750000_158250000__EUR__stroke_vs_asthma	7:154750000-158250000	EUR	stroke	asthma	0.0082	high	0.000	0.0082	0.0000	1.0000
chr7_43750000_47250000__EUR__stroke_vs_asthma	7:43750000-47250000	EUR	stroke	asthma	0.0082	high	0.000	0.0082	0.0000	1.0000
chr9_12750000_17250000__EUR__stroke_vs_asthma	9:12750000-17250000	EUR	stroke	asthma	0.0082	high	0.000	0.0082	0.0000	1.0000
chr16_22750000_25250000__EUR__stroke_vs_asthma	16:22750000-25250000	EUR	stroke	asthma	0.0082	high	0.000	0.0082	0.0000	1.0000
chr18_5750000_8250000__EUR__stroke_vs_asthma	18:5750000-8250000	EUR	stroke	asthma	0.0082	high	0.000	0.0082	0.0000	1.0000
chr12_119750000_125250000__EUR__stroke_vs_asthma	12:119750000-125250000	EUR	stroke	asthma	0.0082	high	0.000	0.0082	0.0000	1.0000
chr7_12750000_23250000__EUR__stroke_vs_asthma	7:12750000-23250000	EUR	stroke	asthma	0.0082	high	0.000	0.0082	0.0000	1.0000
chr11_53750000_59250000__EUR__stroke_vs_asthma	11:53750000-59250000	EUR	stroke	asthma	0.0082	high	0.000	0.0082	0.0000	1.0000
chr1_178750000_181250000__EUR__stroke_vs_asthma	1:178750000-181250000	EUR	stroke	asthma	0.0082	high	0.000	0.0082	0.0000	1.0000
chr8_13750000_16250000__EUR__stroke_vs_asthma	8:13750000-16250000	EUR	stroke	asthma	0.0082	high	0.000	0.0082	0.0000	1.0000
chr13_29750000_34250000__EUR__stroke_vs_asthma	13:29750000-34250000	EUR	stroke	asthma	0.0082	high	0.000	0.0082	0.0000	1.0000
chr17_37750000_50250000__EUR__stroke_vs_asthma	17:37750000-50250000	EUR	stroke	asthma	0.0082	high	0.000	0.0082	0.0000	1.0000
chr8_3750000_5250000__EUR__stroke_vs_asthma	8:3750000-5250000	EUR	stroke	asthma	0.0082	high	0.000	0.0082	0.0000	1.0000
chr8_104750000_107250000__EUR__stroke_vs_asthma	8:104750000-107250000	EUR	stroke	asthma	0.0082	high	0.000	0.0082	0.0000	1.0000
chr1_188750000_192250000__EUR__stroke_vs_asthma	1:188750000-192250000	EUR	stroke	asthma	0.0082	high	0.000	0.0082	0.0000	1.0000
chr6_159750000_165250000__EUR__stroke_vs_asthma	6:159750000-165250000	EUR	stroke	asthma	0.0082	high	0.000	0.0082	0.0000	1.0000
chr11_129750000_135250000__EUR__stroke_vs_asthma	11:129750000-135250000	EUR	stroke	asthma	0.0082	high	0.000	0.0082	0.0000	1.0000
chr16_0_1250000__EUR__stroke_vs_asthma	16:0-1250000	EUR	stroke	asthma	0.0082	high	0.000	0.0082	0.0000	1.0000
chr3_178750000_190250000__EUR__stroke_vs_asthma	3:178750000-190250000	EUR	stroke	asthma	0.0082	high	0.000	0.0082	0.0000	1.0000
chr6_103750000_105250000__EUR__stroke_vs_asthma	6:103750000-105250000	EUR	stroke	asthma	0.0082	high	0.000	0.0082	0.0000	1.0000
chr1_226750000_231250000__EUR__stroke_vs_asthma	1:226750000-231250000	EUR	stroke	asthma	0.0082	high	0.000	0.0082	0.0000	1.0000
chr13_49750000_52250000__EUR__stroke_vs_asthma	13:49750000-52250000	EUR	stroke	asthma	0.0082	high	0.000	0.0082	0.0000	1.0000
chr22_27750000_33250000__EUR__stroke_vs_asthma	22:27750000-33250000	EUR	stroke	asthma	0.0082	high	0.000	0.0082	0.0000	1.0000
chr9_3750000_7250000__EUR__stroke_vs_asthma	9:3750000-7250000	EUR	stroke	asthma	0.0082	high	0.000	0.0082	0.0000	1.0000
chr3_31750000_34250000__EUR__stroke_vs_asthma	3:31750000-34250000	EUR	stroke	asthma	0.0082	high	0.000	0.0082	0.0000	1.0000
chr10_29750000_35250000__EUR__stroke_vs_asthma	10:29750000-35250000	EUR	stroke	asthma	0.0082	high	0.000	0.0082	0.0000	1.0000
chr14_61750000_64250000__EUR__stroke_vs_asthma	14:61750000-64250000	EUR	stroke	asthma	0.0082	high	0.000	0.0082	0.0000	1.0000
chr13_24750000_29250000__EUR__stroke_vs_asthma	13:24750000-29250000	EUR	stroke	asthma	0.0082	high	0.000	0.0082	0.0000	1.0000
chr10_90750000_101250000__EUR__stroke_vs_asthma	10:90750000-101250000	EUR	stroke	asthma	0.0082	high	0.000	0.0082	0.0000	1.0000
chr3_155750000_159250000__EUR__stroke_vs_asthma	3:155750000-159250000	EUR	stroke	asthma	0.0082	high	0.000	0.0082	0.0000	1.0000
chr3_192750000_198250000__EUR__stroke_vs_asthma	3:192750000-198250000	EUR	stroke	asthma	0.0082	high	0.000	0.0082	0.0000	1.0000
chr19_15750000_20250000__EUR__stroke_vs_asthma	19:15750000-20250000	EUR	stroke	asthma	0.0082	high	0.000	0.0082	0.0000	1.0000
chr19_750000_2250000__EUR__stroke_vs_asthma	19:750000-2250000	EUR	stroke	asthma	0.0082	high	0.000	0.0082	0.0000	1.0000
chr3_175750000_178250000__EUR__stroke_vs_asthma	3:175750000-178250000	EUR	stroke	asthma	0.0082	high	0.000	0.0082	0.0000	1.0000
chr16_26750000_32250000__EUR__stroke_vs_asthma	16:26750000-32250000	EUR	stroke	asthma	0.0082	high	0.000	0.0082	0.0000	1.0000
chr10_132750000_135250000__EUR__stroke_vs_asthma	10:132750000-135250000	EUR	stroke	asthma	0.0082	high	0.000	0.0082	0.0000	1.0000
chr10_20750000_24250000__EUR__stroke_vs_asthma	10:20750000-24250000	EUR	stroke	asthma	0.0082	high	0.000	0.0082	0.0000	1.0000
chr10_11750000_14250000__EUR__stroke_vs_asthma	10:11750000-14250000	EUR	stroke	asthma	0.0082	high	0.000	0.0082	0.0000	1.0000
chr8_750000_2250000__EUR__stroke_vs_asthma	8:750000-2250000	EUR	stroke	asthma	0.0082	high	0.000	0.0082	0.0000	1.0000
chr5_104750000_109250000__EUR__stroke_vs_asthma	5:104750000-109250000	EUR	stroke	asthma	0.0082	high	0.000	0.0082	0.0000	1.0000
chr10_5750000_7250000__EUR__stroke_vs_asthma	10:5750000-7250000	EUR	stroke	asthma	0.0082	high	0.000	0.0082	0.0000	1.0000
chr7_67750000_81250000__EUR__stroke_vs_asthma	7:67750000-81250000	EUR	stroke	asthma	0.0082	high	0.000	0.0082	0.0000	1.0000
chr16_13750000_16250000__AFR__t2d_vs_asthma	16:13750000-16250000	AFR	t2d	asthma	0.0077	high	0.001	0.0189	0.0000	0.4091
chr8_86750000_88250000__AFR__t2d_vs_asthma	8:86750000-88250000	AFR	t2d	asthma	0.0077	high	0.001	0.0189	0.0000	0.4091
chr2_34750000_38250000__AFR__t2d_vs_asthma	2:34750000-38250000	AFR	t2d	asthma	0.0077	high	0.001	0.0189	0.0000	0.4091
chr6_140750000_145250000__AFR__t2d_vs_asthma	6:140750000-145250000	AFR	t2d	asthma	0.0077	high	0.001	0.0189	0.0000	0.4091
chr8_61750000_63250000__AFR__t2d_vs_asthma	8:61750000-63250000	AFR	t2d	asthma	0.0077	high	0.001	0.0189	0.0000	0.4091
chr2_5750000_7250000__AFR__t2d_vs_asthma	2:5750000-7250000	AFR	t2d	asthma	0.0077	high	0.001	0.0189	0.0000	0.4091
chr8_29750000_31250000__AFR__t2d_vs_asthma	8:29750000-31250000	AFR	t2d	asthma	0.0077	high	0.001	0.0189	0.0000	0.4091
chr20_23750000_26250000__AFR__t2d_vs_asthma	20:23750000-26250000	AFR	t2d	asthma	0.0077	high	0.001	0.0189	0.0000	0.4091
chr1_182750000_185250000__AFR__t2d_vs_asthma	1:182750000-185250000	AFR	t2d	asthma	0.0077	high	0.001	0.0189	0.0000	0.4091
chr6_149750000_158250000__AFR__t2d_vs_asthma	6:149750000-158250000	AFR	t2d	asthma	0.0077	high	0.001	0.0189	0.0000	0.4091
chr17_54750000_58250000__AFR__t2d_vs_asthma	17:54750000-58250000	AFR	t2d	asthma	0.0077	high	0.001	0.0189	0.0000	0.4091
chr3_36750000_39250000__AFR__t2d_vs_asthma	3:36750000-39250000	AFR	t2d	asthma	0.0077	high	0.001	0.0189	0.0000	0.4091
chr6_107750000_110250000__AFR__t2d_vs_asthma	6:107750000-110250000	AFR	t2d	asthma	0.0077	high	0.001	0.0189	0.0000	0.4091
chr14_61750000_64250000__AFR__t2d_vs_asthma	14:61750000-64250000	AFR	t2d	asthma	0.0077	high	0.001	0.0189	0.0000	0.4091
chr16_80750000_84250000__AFR__t2d_vs_asthma	16:80750000-84250000	AFR	t2d	asthma	0.0077	high	0.001	0.0189	0.0000	0.4091
chr3_73750000_75250000__AFR__t2d_vs_asthma	3:73750000-75250000	AFR	t2d	asthma	0.0077	high	0.001	0.0189	0.0000	0.4091
chr7_97750000_101250000__AFR__t2d_vs_asthma	7:97750000-101250000	AFR	t2d	asthma	0.0077	high	0.001	0.0189	0.0000	0.4091
chr7_12750000_23250000__AFR__t2d_vs_asthma	7:12750000-23250000	AFR	t2d	asthma	0.0077	high	0.001	0.0189	0.0000	0.4091
chr8_50750000_52250000__AFR__t2d_vs_asthma	8:50750000-52250000	AFR	t2d	asthma	0.0077	high	0.001	0.0189	0.0000	0.4091
chr9_123750000_132250000__AFR__t2d_vs_asthma	9:123750000-132250000	AFR	t2d	asthma	0.0077	high	0.001	0.0189	0.0000	0.4091
chr14_90750000_95250000__AFR__t2d_vs_asthma	14:90750000-95250000	AFR	t2d	asthma	0.0077	high	0.001	0.0189	0.0000	0.4091
chr1_71750000_76250000__AFR__t2d_vs_asthma	1:71750000-76250000	AFR	t2d	asthma	0.0077	high	0.001	0.0189	0.0000	0.4091
chr9_93750000_95250000__AFR__t2d_vs_asthma	9:93750000-95250000	AFR	t2d	asthma	0.0077	high	0.001	0.0189	0.0000	0.4091
chr19_43750000_48250000__AFR__t2d_vs_asthma	19:43750000-48250000	AFR	t2d	asthma	0.0077	high	0.001	0.0189	0.0000	0.4091
chr5_16750000_18250000__AFR__t2d_vs_asthma	5:16750000-18250000	AFR	t2d	asthma	0.0077	high	0.001	0.0189	0.0000	0.4091
chr17_74750000_82250000__AFR__t2d_vs_asthma	17:74750000-82250000	AFR	t2d	asthma	0.0077	high	0.001	0.0189	0.0000	0.4091
chr20_46750000_52250000__AFR__t2d_vs_asthma	20:46750000-52250000	AFR	t2d	asthma	0.0077	high	0.001	0.0189	0.0000	0.4091
chr6_750000_2250000__AFR__t2d_vs_asthma	6:750000-2250000	AFR	t2d	asthma	0.0077	high	0.001	0.0189	0.0000	0.4091
chr9_0_3250000__AFR__t2d_vs_asthma	9:0-3250000	AFR	t2d	asthma	0.0077	high	0.001	0.0189	0.0000	0.4091
chr15_39750000_45250000__AFR__t2d_vs_asthma	15:39750000-45250000	AFR	t2d	asthma	0.0077	high	0.001	0.0189	0.0000	0.4091
chr22_49750000_51250000__AFR__t2d_vs_asthma	22:49750000-51250000	AFR	t2d	asthma	0.0077	high	0.001	0.0189	0.0000	0.4091
chr3_178750000_190250000__AFR__t2d_vs_asthma	3:178750000-190250000	AFR	t2d	asthma	0.0077	high	0.001	0.0189	0.0000	0.4091
chr11_53750000_59250000__AFR__t2d_vs_asthma	11:53750000-59250000	AFR	t2d	asthma	0.0077	high	0.001	0.0189	0.0000	0.4091
chr2_141750000_150250000__AFR__t2d_vs_asthma	2:141750000-150250000	AFR	t2d	asthma	0.0077	high	0.001	0.0189	0.0000	0.4091
chr7_67750000_81250000__AFR__t2d_vs_asthma	7:67750000-81250000	AFR	t2d	asthma	0.0077	high	0.001	0.0189	0.0000	0.4091
chr8_3750000_5250000__AFR__t2d_vs_asthma	8:3750000-5250000	AFR	t2d	asthma	0.0077	high	0.001	0.0189	0.0000	0.4091
chr18_71750000_74250000__AFR__t2d_vs_asthma	18:71750000-74250000	AFR	t2d	asthma	0.0077	high	0.001	0.0189	0.0000	0.4091
chr14_66750000_71250000__AFR__t2d_vs_asthma	14:66750000-71250000	AFR	t2d	asthma	0.0077	high	0.001	0.0189	0.0000	0.4091
chr1_188750000_192250000__AFR__t2d_vs_asthma	1:188750000-192250000	AFR	t2d	asthma	0.0077	high	0.001	0.0189	0.0000	0.4091
chr10_117750000_119250000__AFR__t2d_vs_asthma	10:117750000-119250000	AFR	t2d	asthma	0.0077	high	0.001	0.0189	0.0000	0.4091
chr6_125750000_132250000__AFR__t2d_vs_asthma	6:125750000-132250000	AFR	t2d	asthma	0.0077	high	0.001	0.0189	0.0000	0.4091
chr13_84750000_87250000__AFR__t2d_vs_asthma	13:84750000-87250000	AFR	t2d	asthma	0.0077	high	0.001	0.0189	0.0000	0.4091
chr11_110750000_123250000__AFR__t2d_vs_asthma	11:110750000-123250000	AFR	t2d	asthma	0.0077	high	0.001	0.0189	0.0000	0.4091
chr10_15750000_20250000__AFR__t2d_vs_asthma	10:15750000-20250000	AFR	t2d	asthma	0.0077	high	0.001	0.0189	0.0000	0.4091
chr16_88750000_91250000__AFR__t2d_vs_asthma	16:88750000-91250000	AFR	t2d	asthma	0.0077	high	0.001	0.0189	0.0000	0.4091
chr1_36750000_53250000__AFR__t2d_vs_asthma	1:36750000-53250000	AFR	t2d	asthma	0.0077	high	0.001	0.0189	0.0000	0.4091
chr16_18750000_22250000__AFR__t2d_vs_asthma	16:18750000-22250000	AFR	t2d	asthma	0.0077	high	0.001	0.0189	0.0000	0.4091
chr2_199750000_201250000__AFR__t2d_vs_asthma	2:199750000-201250000	AFR	t2d	asthma	0.0077	high	0.001	0.0189	0.0000	0.4091
chr7_133750000_135250000__AFR__t2d_vs_asthma	7:133750000-135250000	AFR	t2d	asthma	0.0077	high	0.001	0.0189	0.0000	0.4091
chr14_28750000_32250000__AFR__t2d_vs_asthma	14:28750000-32250000	AFR	t2d	asthma	0.0077	high	0.001	0.0189	0.0000	0.4091
chr6_81750000_84250000__AFR__t2d_vs_asthma	6:81750000-84250000	AFR	t2d	asthma	0.0077	high	0.001	0.0189	0.0000	0.4091
chr19_50750000_52250000__AFR__t2d_vs_asthma	19:50750000-52250000	AFR	t2d	asthma	0.0077	high	0.001	0.0189	0.0000	0.4091
chr16_8750000_13250000__AFR__t2d_vs_asthma	16:8750000-13250000	AFR	t2d	asthma	0.0077	high	0.001	0.0189	0.0000	0.4091
chr5_48750000_54250000__AFR__t2d_vs_asthma	5:48750000-54250000	AFR	t2d	asthma	0.0077	high	0.001	0.0189	0.0000	0.4091
chr15_84750000_87250000__AFR__t2d_vs_asthma	15:84750000-87250000	AFR	t2d	asthma	0.0077	high	0.001	0.0189	0.0000	0.4091
chr4_79750000_82250000__AFR__t2d_vs_asthma	4:79750000-82250000	AFR	t2d	asthma	0.0077	high	0.001	0.0189	0.0000	0.4091
chr2_18750000_21250000__AFR__t2d_vs_asthma	2:18750000-21250000	AFR	t2d	asthma	0.0077	high	0.001	0.0189	0.0000	0.4091
chr13_29750000_34250000__AFR__t2d_vs_asthma	13:29750000-34250000	AFR	t2d	asthma	0.0077	high	0.001	0.0189	0.0000	0.4091
chr3_76750000_79250000__AFR__t2d_vs_asthma	3:76750000-79250000	AFR	t2d	asthma	0.0077	high	0.001	0.0189	0.0000	0.4091
chr3_79750000_91250000__AFR__t2d_vs_asthma	3:79750000-91250000	AFR	t2d	asthma	0.0077	high	0.001	0.0189	0.0000	0.4091
chr6_14750000_16250000__AFR__t2d_vs_asthma	6:14750000-16250000	AFR	t2d	asthma	0.0077	high	0.001	0.0189	0.0000	0.4091
chr12_65750000_72250000__AFR__t2d_vs_asthma	12:65750000-72250000	AFR	t2d	asthma	0.0077	high	0.001	0.0189	0.0000	0.4091
chr17_11750000_13250000__AFR__t2d_vs_asthma	17:11750000-13250000	AFR	t2d	asthma	0.0077	high	0.001	0.0189	0.0000	0.4091
chr17_26750000_33250000__AFR__t2d_vs_asthma	17:26750000-33250000	AFR	t2d	asthma	0.0077	high	0.001	0.0189	0.0000	0.4091
chr3_151750000_155250000__AFR__t2d_vs_asthma	3:151750000-155250000	AFR	t2d	asthma	0.0077	high	0.001	0.0189	0.0000	0.4091
chr1_14750000_18250000__AFR__t2d_vs_asthma	1:14750000-18250000	AFR	t2d	asthma	0.0077	high	0.001	0.0189	0.0000	0.4091
chr22_33750000_37250000__AFR__t2d_vs_asthma	22:33750000-37250000	AFR	t2d	asthma	0.0077	high	0.001	0.0189	0.0000	0.4091
chr2_54750000_66250000__AFR__t2d_vs_asthma	2:54750000-66250000	AFR	t2d	asthma	0.0077	high	0.001	0.0189	0.0000	0.4091
chr22_17750000_21250000__AFR__t2d_vs_asthma	22:17750000-21250000	AFR	t2d	asthma	0.0077	high	0.001	0.0189	0.0000	0.4091
chr5_166750000_169250000__AFR__t2d_vs_asthma	5:166750000-169250000	AFR	t2d	asthma	0.0077	high	0.001	0.0189	0.0000	0.4091
chr5_146750000_149250000__AFR__t2d_vs_asthma	5:146750000-149250000	AFR	t2d	asthma	0.0077	high	0.001	0.0189	0.0000	0.4091
chr5_104750000_109250000__AFR__t2d_vs_asthma	5:104750000-109250000	AFR	t2d	asthma	0.0077	high	0.001	0.0189	0.0000	0.4091
chr20_750000_5250000__AFR__t2d_vs_asthma	20:750000-5250000	AFR	t2d	asthma	0.0077	high	0.001	0.0189	0.0000	0.4091
chr5_41750000_44250000__AFR__t2d_vs_asthma	5:41750000-44250000	AFR	t2d	asthma	0.0077	high	0.001	0.0189	0.0000	0.4091
chr1_196750000_199250000__AFR__t2d_vs_asthma	1:196750000-199250000	AFR	t2d	asthma	0.0077	high	0.001	0.0189	0.0000	0.4091
chr9_32750000_38250000__AFR__t2d_vs_asthma	9:32750000-38250000	AFR	t2d	asthma	0.0077	high	0.001	0.0189	0.0000	0.4091
chr10_5750000_7250000__AFR__t2d_vs_asthma	10:5750000-7250000	AFR	t2d	asthma	0.0077	high	0.001	0.0189	0.0000	0.4091
chr10_52750000_54250000__AFR__t2d_vs_asthma	10:52750000-54250000	AFR	t2d	asthma	0.0077	high	0.001	0.0189	0.0000	0.4091
chr1_149750000_157250000__AFR__t2d_vs_asthma	1:149750000-157250000	AFR	t2d	asthma	0.0077	high	0.001	0.0189	0.0000	0.4091
chr2_14750000_17250000__AFR__t2d_vs_asthma	2:14750000-17250000	AFR	t2d	asthma	0.0077	high	0.001	0.0189	0.0000	0.4091
chr9_12750000_17250000__AFR__t2d_vs_asthma	9:12750000-17250000	AFR	t2d	asthma	0.0077	high	0.001	0.0189	0.0000	0.4091
chr4_15750000_19250000__AFR__t2d_vs_asthma	4:15750000-19250000	AFR	t2d	asthma	0.0077	high	0.001	0.0189	0.0000	0.4091
chr20_28750000_36250000__AFR__t2d_vs_asthma	20:28750000-36250000	AFR	t2d	asthma	0.0077	high	0.001	0.0189	0.0000	0.4091
chr6_168750000_170250000__AFR__t2d_vs_asthma	6:168750000-170250000	AFR	t2d	asthma	0.0077	high	0.001	0.0189	0.0000	0.4091
chr19_38750000_43250000__AFR__t2d_vs_asthma	19:38750000-43250000	AFR	t2d	asthma	0.0077	high	0.001	0.0189	0.0000	0.4091
chr17_750000_8250000__AFR__t2d_vs_asthma	17:750000-8250000	AFR	t2d	asthma	0.0077	high	0.001	0.0189	0.0000	0.4091
chr12_119750000_125250000__AFR__t2d_vs_asthma	12:119750000-125250000	AFR	t2d	asthma	0.0077	high	0.001	0.0189	0.0000	0.4091
chr22_27750000_33250000__AFR__t2d_vs_asthma	22:27750000-33250000	AFR	t2d	asthma	0.0077	high	0.001	0.0189	0.0000	0.4091
chr14_81750000_83250000__AFR__t2d_vs_asthma	14:81750000-83250000	AFR	t2d	asthma	0.0077	high	0.001	0.0189	0.0000	0.4091
chr16_65750000_78250000__AFR__t2d_vs_asthma	16:65750000-78250000	AFR	t2d	asthma	0.0077	high	0.001	0.0189	0.0000	0.4091
chr7_4750000_8250000__AFR__t2d_vs_asthma	7:4750000-8250000	AFR	t2d	asthma	0.0077	high	0.001	0.0189	0.0000	0.4091
chr5_138750000_143250000__AFR__t2d_vs_asthma	5:138750000-143250000	AFR	t2d	asthma	0.0077	high	0.001	0.0189	0.0000	0.4091
chr3_175750000_178250000__AFR__t2d_vs_asthma	3:175750000-178250000	AFR	t2d	asthma	0.0077	high	0.001	0.0189	0.0000	0.4091
chr10_90750000_101250000__AFR__t2d_vs_asthma	10:90750000-101250000	AFR	t2d	asthma	0.0077	high	0.001	0.0189	0.0000	0.4091
chr2_185750000_189250000__AFR__t2d_vs_asthma	2:185750000-189250000	AFR	t2d	asthma	0.0077	high	0.001	0.0189	0.0000	0.4091
chr3_22750000_26250000__AFR__t2d_vs_asthma	3:22750000-26250000	AFR	t2d	asthma	0.0077	high	0.001	0.0189	0.0000	0.4091
chr22_47750000_49250000__AFR__t2d_vs_asthma	22:47750000-49250000	AFR	t2d	asthma	0.0077	high	0.001	0.0189	0.0000	0.4091
chr2_39750000_49250000__AFR__t2d_vs_asthma	2:39750000-49250000	AFR	t2d	asthma	0.0077	high	0.001	0.0189	0.0000	0.4091
chr13_35750000_37250000__AFR__t2d_vs_asthma	13:35750000-37250000	AFR	t2d	asthma	0.0077	high	0.001	0.0189	0.0000	0.4091
chr1_193750000_196250000__AFR__t2d_vs_asthma	1:193750000-196250000	AFR	t2d	asthma	0.0077	high	0.001	0.0189	0.0000	0.4091
chr5_26750000_28250000__AFR__t2d_vs_asthma	5:26750000-28250000	AFR	t2d	asthma	0.0077	high	0.001	0.0189	0.0000	0.4091
chr5_34750000_36250000__AFR__t2d_vs_asthma	5:34750000-36250000	AFR	t2d	asthma	0.0077	high	0.001	0.0189	0.0000	0.4091
chr18_5750000_8250000__AFR__t2d_vs_asthma	18:5750000-8250000	AFR	t2d	asthma	0.0077	high	0.001	0.0189	0.0000	0.4091
chr11_129750000_135250000__AFR__t2d_vs_asthma	11:129750000-135250000	AFR	t2d	asthma	0.0077	high	0.001	0.0189	0.0000	0.4091
chr20_7750000_13250000__AFR__t2d_vs_asthma	20:7750000-13250000	AFR	t2d	asthma	0.0077	high	0.001	0.0189	0.0000	0.4091
chr10_132750000_135250000__AFR__t2d_vs_asthma	10:132750000-135250000	AFR	t2d	asthma	0.0077	high	0.001	0.0189	0.0000	0.4091
chr15_50750000_54250000__AFR__t2d_vs_asthma	15:50750000-54250000	AFR	t2d	asthma	0.0077	high	0.001	0.0189	0.0000	0.4091
chr15_56750000_64250000__AFR__t2d_vs_asthma	15:56750000-64250000	AFR	t2d	asthma	0.0077	high	0.001	0.0189	0.0000	0.4091
chr12_59750000_61250000__AFR__t2d_vs_asthma	12:59750000-61250000	AFR	t2d	asthma	0.0077	high	0.001	0.0189	0.0000	0.4091
chr7_111750000_115250000__AFR__t2d_vs_asthma	7:111750000-115250000	AFR	t2d	asthma	0.0077	high	0.001	0.0189	0.0000	0.4091
chr12_25750000_28250000__AFR__t2d_vs_asthma	12:25750000-28250000	AFR	t2d	asthma	0.0077	high	0.001	0.0189	0.0000	0.4091
chr17_58750000_63250000__AFR__t2d_vs_asthma	17:58750000-63250000	AFR	t2d	asthma	0.0077	high	0.001	0.0189	0.0000	0.4091
chr3_132750000_139250000__AFR__t2d_vs_asthma	3:132750000-139250000	AFR	t2d	asthma	0.0077	high	0.001	0.0189	0.0000	0.4091
chr4_72750000_75250000__AFR__t2d_vs_asthma	4:72750000-75250000	AFR	t2d	asthma	0.0077	high	0.001	0.0189	0.0000	0.4091
chr2_210750000_215250000__AFR__t2d_vs_asthma	2:210750000-215250000	AFR	t2d	asthma	0.0077	high	0.001	0.0189	0.0000	0.4091
chr2_109750000_115250000__AFR__t2d_vs_asthma	2:109750000-115250000	AFR	t2d	asthma	0.0077	high	0.001	0.0189	0.0000	0.4091
chr7_108750000_110250000__AFR__t2d_vs_asthma	7:108750000-110250000	AFR	t2d	asthma	0.0077	high	0.001	0.0189	0.0000	0.4091
chr8_750000_2250000__AFR__t2d_vs_asthma	8:750000-2250000	AFR	t2d	asthma	0.0077	high	0.001	0.0189	0.0000	0.4091
chr1_200750000_206250000__AFR__t2d_vs_asthma	1:200750000-206250000	AFR	t2d	asthma	0.0077	high	0.001	0.0189	0.0000	0.4091
chr11_99750000_101250000__AFR__t2d_vs_asthma	11:99750000-101250000	AFR	t2d	asthma	0.0077	high	0.001	0.0189	0.0000	0.4091
chr3_40750000_54250000__AFR__t2d_vs_asthma	3:40750000-54250000	AFR	t2d	asthma	0.0077	high	0.001	0.0189	0.0000	0.4091
chr8_24750000_29250000__AFR__t2d_vs_asthma	8:24750000-29250000	AFR	t2d	asthma	0.0077	high	0.001	0.0189	0.0000	0.4091
chr7_146750000_148250000__AFR__t2d_vs_asthma	7:146750000-148250000	AFR	t2d	asthma	0.0077	high	0.001	0.0189	0.0000	0.4091
chr18_38750000_43250000__AFR__t2d_vs_asthma	18:38750000-43250000	AFR	t2d	asthma	0.0077	high	0.001	0.0189	0.0000	0.4091
chr17_14750000_17250000__AFR__t2d_vs_asthma	17:14750000-17250000	AFR	t2d	asthma	0.0077	high	0.001	0.0189	0.0000	0.4091
chr12_30750000_32250000__AFR__t2d_vs_asthma	12:30750000-32250000	AFR	t2d	asthma	0.0077	high	0.001	0.0189	0.0000	0.4091
chr19_29750000_35250000__AFR__t2d_vs_asthma	19:29750000-35250000	AFR	t2d	asthma	0.0077	high	0.001	0.0189	0.0000	0.4091
chr8_111750000_113250000__AFR__t2d_vs_asthma	8:111750000-113250000	AFR	t2d	asthma	0.0077	high	0.001	0.0189	0.0000	0.4091
chr2_163750000_167250000__AFR__t2d_vs_asthma	2:163750000-167250000	AFR	t2d	asthma	0.0077	high	0.001	0.0189	0.0000	0.4091
chr5_118750000_120250000__AFR__t2d_vs_asthma	5:118750000-120250000	AFR	t2d	asthma	0.0077	high	0.001	0.0189	0.0000	0.4091
chr6_115750000_123250000__AFR__t2d_vs_asthma	6:115750000-123250000	AFR	t2d	asthma	0.0077	high	0.001	0.0189	0.0000	0.4091
chr7_136750000_141250000__AFR__t2d_vs_asthma	7:136750000-141250000	AFR	t2d	asthma	0.0077	high	0.001	0.0189	0.0000	0.4091
chr2_132750000_134250000__AFR__t2d_vs_asthma	2:132750000-134250000	AFR	t2d	asthma	0.0077	high	0.001	0.0189	0.0000	0.4091
chr7_85750000_87250000__AFR__t2d_vs_asthma	7:85750000-87250000	AFR	t2d	asthma	0.0077	high	0.001	0.0189	0.0000	0.4091
chr9_110750000_115250000__AFR__t2d_vs_asthma	9:110750000-115250000	AFR	t2d	asthma	0.0077	high	0.001	0.0189	0.0000	0.4091
chr2_160750000_163250000__AFR__t2d_vs_asthma	2:160750000-163250000	AFR	t2d	asthma	0.0077	high	0.001	0.0189	0.0000	0.4091
chr4_107750000_110250000__AFR__t2d_vs_asthma	4:107750000-110250000	AFR	t2d	asthma	0.0077	high	0.001	0.0189	0.0000	0.4091
chr2_176750000_178250000__AFR__t2d_vs_asthma	2:176750000-178250000	AFR	t2d	asthma	0.0077	high	0.001	0.0189	0.0000	0.4091
chr1_64750000_68250000__AFR__t2d_vs_asthma	1:64750000-68250000	AFR	t2d	asthma	0.0077	high	0.001	0.0189	0.0000	0.4091
chr12_81750000_83250000__AFR__t2d_vs_asthma	12:81750000-83250000	AFR	t2d	asthma	0.0077	high	0.001	0.0189	0.0000	0.4091
chr13_75750000_77250000__AFR__t2d_vs_asthma	13:75750000-77250000	AFR	t2d	asthma	0.0077	high	0.001	0.0189	0.0000	0.4091
chr4_114750000_116250000__AFR__t2d_vs_asthma	4:114750000-116250000	AFR	t2d	asthma	0.0077	high	0.001	0.0189	0.0000	0.4091
chr9_3750000_7250000__AFR__t2d_vs_asthma	9:3750000-7250000	AFR	t2d	asthma	0.0077	high	0.001	0.0189	0.0000	0.4091
chr11_62750000_75250000__AFR__t2d_vs_asthma	11:62750000-75250000	AFR	t2d	asthma	0.0077	high	0.001	0.0189	0.0000	0.4091
chr14_45750000_48250000__AFR__t2d_vs_asthma	14:45750000-48250000	AFR	t2d	asthma	0.0077	high	0.001	0.0189	0.0000	0.4091
chr8_40750000_42250000__AFR__t2d_vs_asthma	8:40750000-42250000	AFR	t2d	asthma	0.0077	high	0.001	0.0189	0.0000	0.4091
chr11_59750000_62250000__AFR__stroke_vs_asthma	11:59750000-62250000	AFR	stroke	asthma	0.0033	high	0.000	0.0082	0.0000	0.4091
chr12_119750000_125250000__AFR__stroke_vs_asthma	12:119750000-125250000	AFR	stroke	asthma	0.0033	high	0.000	0.0082	0.0000	0.4091
chr1_220750000_222250000__AFR__stroke_vs_asthma	1:220750000-222250000	AFR	stroke	asthma	0.0033	high	0.000	0.0082	0.0000	0.4091
chr11_110750000_123250000__AFR__stroke_vs_asthma	11:110750000-123250000	AFR	stroke	asthma	0.0033	high	0.000	0.0082	0.0000	0.4091
chr6_115750000_123250000__AFR__stroke_vs_asthma	6:115750000-123250000	AFR	stroke	asthma	0.0033	high	0.000	0.0082	0.0000	0.4091
chr3_55750000_58250000__AFR__stroke_vs_asthma	3:55750000-58250000	AFR	stroke	asthma	0.0033	high	0.000	0.0082	0.0000	0.4091
chr11_83750000_86250000__AFR__stroke_vs_asthma	11:83750000-86250000	AFR	stroke	asthma	0.0033	high	0.000	0.0082	0.0000	0.4091
chr6_159750000_165250000__AFR__stroke_vs_asthma	6:159750000-165250000	AFR	stroke	asthma	0.0033	high	0.000	0.0082	0.0000	0.4091
chr2_54750000_66250000__AFR__stroke_vs_asthma	2:54750000-66250000	AFR	stroke	asthma	0.0033	high	0.000	0.0082	0.0000	0.4091
chr14_87750000_89250000__AFR__stroke_vs_asthma	14:87750000-89250000	AFR	stroke	asthma	0.0033	high	0.000	0.0082	0.0000	0.4091
chr12_32750000_34250000__AFR__stroke_vs_asthma	12:32750000-34250000	AFR	stroke	asthma	0.0033	high	0.000	0.0082	0.0000	0.4091
chr3_26750000_31250000__AFR__stroke_vs_asthma	3:26750000-31250000	AFR	stroke	asthma	0.0033	high	0.000	0.0082	0.0000	0.4091
chr2_170750000_176250000__AFR__stroke_vs_asthma	2:170750000-176250000	AFR	stroke	asthma	0.0033	high	0.000	0.0082	0.0000	0.4091
chr5_48750000_54250000__AFR__stroke_vs_asthma	5:48750000-54250000	AFR	stroke	asthma	0.0033	high	0.000	0.0082	0.0000	0.4091
chr10_20750000_24250000__AFR__stroke_vs_asthma	10:20750000-24250000	AFR	stroke	asthma	0.0033	high	0.000	0.0082	0.0000	0.4091
chr7_133750000_135250000__AFR__stroke_vs_asthma	7:133750000-135250000	AFR	stroke	asthma	0.0033	high	0.000	0.0082	0.0000	0.4091
chr1_84750000_86250000__AFR__stroke_vs_asthma	1:84750000-86250000	AFR	stroke	asthma	0.0033	high	0.000	0.0082	0.0000	0.4091
chr20_60750000_64250000__AFR__stroke_vs_asthma	20:60750000-64250000	AFR	stroke	asthma	0.0033	high	0.000	0.0082	0.0000	0.4091
chr8_35750000_37250000__AFR__stroke_vs_asthma	8:35750000-37250000	AFR	stroke	asthma	0.0033	high	0.000	0.0082	0.0000	0.4091
chr19_29750000_35250000__AFR__stroke_vs_asthma	19:29750000-35250000	AFR	stroke	asthma	0.0033	high	0.000	0.0082	0.0000	0.4091
chr20_7750000_13250000__AFR__stroke_vs_asthma	20:7750000-13250000	AFR	stroke	asthma	0.0033	high	0.000	0.0082	0.0000	0.4091
chr9_7750000_12250000__AFR__stroke_vs_asthma	9:7750000-12250000	AFR	stroke	asthma	0.0033	high	0.000	0.0082	0.0000	0.4091
chr8_3750000_5250000__AFR__stroke_vs_asthma	8:3750000-5250000	AFR	stroke	asthma	0.0033	high	0.000	0.0082	0.0000	0.4091
chr16_80750000_84250000__AFR__stroke_vs_asthma	16:80750000-84250000	AFR	stroke	asthma	0.0033	high	0.000	0.0082	0.0000	0.4091
chr1_14750000_18250000__AFR__stroke_vs_asthma	1:14750000-18250000	AFR	stroke	asthma	0.0033	high	0.000	0.0082	0.0000	0.4091
chr4_27750000_29250000__AFR__stroke_vs_asthma	4:27750000-29250000	AFR	stroke	asthma	0.0033	high	0.000	0.0082	0.0000	0.4091
chr10_83750000_85250000__AFR__stroke_vs_asthma	10:83750000-85250000	AFR	stroke	asthma	0.0033	high	0.000	0.0082	0.0000	0.4091
chr1_21750000_26250000__AFR__stroke_vs_asthma	1:21750000-26250000	AFR	stroke	asthma	0.0033	high	0.000	0.0082	0.0000	0.4091
chr2_80750000_82250000__AFR__stroke_vs_asthma	2:80750000-82250000	AFR	stroke	asthma	0.0033	high	0.000	0.0082	0.0000	0.4091
chr11_88750000_91250000__AFR__stroke_vs_asthma	11:88750000-91250000	AFR	stroke	asthma	0.0033	high	0.000	0.0082	0.0000	0.4091
chr13_75750000_77250000__AFR__stroke_vs_asthma	13:75750000-77250000	AFR	stroke	asthma	0.0033	high	0.000	0.0082	0.0000	0.4091
chr1_91750000_95250000__AFR__stroke_vs_asthma	1:91750000-95250000	AFR	stroke	asthma	0.0033	high	0.000	0.0082	0.0000	0.4091
chr3_110750000_120250000__AFR__stroke_vs_asthma	3:110750000-120250000	AFR	stroke	asthma	0.0033	high	0.000	0.0082	0.0000	0.4091
chr5_136750000_138250000__AFR__stroke_vs_asthma	5:136750000-138250000	AFR	stroke	asthma	0.0033	high	0.000	0.0082	0.0000	0.4091
chr21_15750000_17250000__AFR__stroke_vs_asthma	21:15750000-17250000	AFR	stroke	asthma	0.0033	high	0.000	0.0082	0.0000	0.4091
chr4_114750000_116250000__AFR__stroke_vs_asthma	4:114750000-116250000	AFR	stroke	asthma	0.0033	high	0.000	0.0082	0.0000	0.4091
chr5_118750000_120250000__AFR__stroke_vs_asthma	5:118750000-120250000	AFR	stroke	asthma	0.0033	high	0.000	0.0082	0.0000	0.4091
chr5_138750000_143250000__AFR__stroke_vs_asthma	5:138750000-143250000	AFR	stroke	asthma	0.0033	high	0.000	0.0082	0.0000	0.4091
chr4_160750000_164250000__AFR__stroke_vs_asthma	4:160750000-164250000	AFR	stroke	asthma	0.0033	high	0.000	0.0082	0.0000	0.4091
chr3_178750000_190250000__AFR__stroke_vs_asthma	3:178750000-190250000	AFR	stroke	asthma	0.0033	high	0.000	0.0082	0.0000	0.4091
chr11_129750000_135250000__AFR__stroke_vs_asthma	11:129750000-135250000	AFR	stroke	asthma	0.0033	high	0.000	0.0082	0.0000	0.4091
chr14_66750000_71250000__AFR__stroke_vs_asthma	14:66750000-71250000	AFR	stroke	asthma	0.0033	high	0.000	0.0082	0.0000	0.4091
chr16_5750000_8250000__AFR__stroke_vs_asthma	16:5750000-8250000	AFR	stroke	asthma	0.0033	high	0.000	0.0082	0.0000	0.4091
chr2_39750000_49250000__AFR__stroke_vs_asthma	2:39750000-49250000	AFR	stroke	asthma	0.0033	high	0.000	0.0082	0.0000	0.4091
chr20_28750000_36250000__AFR__stroke_vs_asthma	20:28750000-36250000	AFR	stroke	asthma	0.0033	high	0.000	0.0082	0.0000	0.4091
chr11_62750000_75250000__AFR__stroke_vs_asthma	11:62750000-75250000	AFR	stroke	asthma	0.0033	high	0.000	0.0082	0.0000	0.4091
chr8_19750000_21250000__AFR__stroke_vs_asthma	8:19750000-21250000	AFR	stroke	asthma	0.0033	high	0.000	0.0082	0.0000	0.4091
chr1_182750000_185250000__AFR__stroke_vs_asthma	1:182750000-185250000	AFR	stroke	asthma	0.0033	high	0.000	0.0082	0.0000	0.4091
chr20_46750000_52250000__AFR__stroke_vs_asthma	20:46750000-52250000	AFR	stroke	asthma	0.0033	high	0.000	0.0082	0.0000	0.4091
chr5_166750000_169250000__AFR__stroke_vs_asthma	5:166750000-169250000	AFR	stroke	asthma	0.0033	high	0.000	0.0082	0.0000	0.4091
chr4_35750000_37250000__AFR__stroke_vs_asthma	4:35750000-37250000	AFR	stroke	asthma	0.0033	high	0.000	0.0082	0.0000	0.4091
chr8_750000_2250000__AFR__stroke_vs_asthma	8:750000-2250000	AFR	stroke	asthma	0.0033	high	0.000	0.0082	0.0000	0.4091
chr2_5750000_7250000__AFR__stroke_vs_asthma	2:5750000-7250000	AFR	stroke	asthma	0.0033	high	0.000	0.0082	0.0000	0.4091
chr5_54750000_58250000__AFR__stroke_vs_asthma	5:54750000-58250000	AFR	stroke	asthma	0.0033	high	0.000	0.0082	0.0000	0.4091
chr22_17750000_21250000__AFR__stroke_vs_asthma	22:17750000-21250000	AFR	stroke	asthma	0.0033	high	0.000	0.0082	0.0000	0.4091
chr4_107750000_110250000__AFR__stroke_vs_asthma	4:107750000-110250000	AFR	stroke	asthma	0.0033	high	0.000	0.0082	0.0000	0.4091
chr3_132750000_139250000__AFR__stroke_vs_asthma	3:132750000-139250000	AFR	stroke	asthma	0.0033	high	0.000	0.0082	0.0000	0.4091
chr10_90750000_101250000__AFR__stroke_vs_asthma	10:90750000-101250000	AFR	stroke	asthma	0.0033	high	0.000	0.0082	0.0000	0.4091
chr6_125750000_132250000__AFR__stroke_vs_asthma	6:125750000-132250000	AFR	stroke	asthma	0.0033	high	0.000	0.0082	0.0000	0.4091
chr17_70750000_72250000__AFR__stroke_vs_asthma	17:70750000-72250000	AFR	stroke	asthma	0.0033	high	0.000	0.0082	0.0000	0.4091
chr18_5750000_8250000__AFR__stroke_vs_asthma	18:5750000-8250000	AFR	stroke	asthma	0.0033	high	0.000	0.0082	0.0000	0.4091
chr1_71750000_76250000__AFR__stroke_vs_asthma	1:71750000-76250000	AFR	stroke	asthma	0.0033	high	0.000	0.0082	0.0000	0.4091
chr1_149750000_157250000__AFR__stroke_vs_asthma	1:149750000-157250000	AFR	stroke	asthma	0.0033	high	0.000	0.0082	0.0000	0.4091
chr2_84750000_87250000__AFR__stroke_vs_asthma	2:84750000-87250000	AFR	stroke	asthma	0.0033	high	0.000	0.0082	0.0000	0.4091
chr20_23750000_26250000__AFR__stroke_vs_asthma	20:23750000-26250000	AFR	stroke	asthma	0.0033	high	0.000	0.0082	0.0000	0.4091
chr3_151750000_155250000__AFR__stroke_vs_asthma	3:151750000-155250000	AFR	stroke	asthma	0.0033	high	0.000	0.0082	0.0000	0.4091
chr8_13750000_16250000__AFR__stroke_vs_asthma	8:13750000-16250000	AFR	stroke	asthma	0.0033	high	0.000	0.0082	0.0000	0.4091
chr17_74750000_82250000__AFR__stroke_vs_asthma	17:74750000-82250000	AFR	stroke	asthma	0.0033	high	0.000	0.0082	0.0000	0.4091
chr9_0_3250000__AFR__stroke_vs_asthma	9:0-3250000	AFR	stroke	asthma	0.0033	high	0.000	0.0082	0.0000	0.4091
chr19_15750000_20250000__AFR__stroke_vs_asthma	19:15750000-20250000	AFR	stroke	asthma	0.0033	high	0.000	0.0082	0.0000	0.4091
chr20_18750000_22250000__AFR__stroke_vs_asthma	20:18750000-22250000	AFR	stroke	asthma	0.0033	high	0.000	0.0082	0.0000	0.4091
chr6_37750000_45250000__AFR__stroke_vs_asthma	6:37750000-45250000	AFR	stroke	asthma	0.0033	high	0.000	0.0082	0.0000	0.4091
chr2_176750000_178250000__AFR__stroke_vs_asthma	2:176750000-178250000	AFR	stroke	asthma	0.0033	high	0.000	0.0082	0.0000	0.4091
chr12_7750000_10250000__AFR__stroke_vs_asthma	12:7750000-10250000	AFR	stroke	asthma	0.0033	high	0.000	0.0082	0.0000	0.4091
chr6_107750000_110250000__AFR__stroke_vs_asthma	6:107750000-110250000	AFR	stroke	asthma	0.0033	high	0.000	0.0082	0.0000	0.4091
chr5_34750000_36250000__AFR__stroke_vs_asthma	5:34750000-36250000	AFR	stroke	asthma	0.0033	high	0.000	0.0082	0.0000	0.4091
chr1_206750000_208250000__AFR__stroke_vs_asthma	1:206750000-208250000	AFR	stroke	asthma	0.0033	high	0.000	0.0082	0.0000	0.4091
chr13_24750000_29250000__AFR__stroke_vs_asthma	13:24750000-29250000	AFR	stroke	asthma	0.0033	high	0.000	0.0082	0.0000	0.4091
chr1_248750000_250250000__AFR__stroke_vs_asthma	1:248750000-250250000	AFR	stroke	asthma	0.0033	high	0.000	0.0082	0.0000	0.4091
chr2_210750000_215250000__AFR__stroke_vs_asthma	2:210750000-215250000	AFR	stroke	asthma	0.0033	high	0.000	0.0082	0.0000	0.4091
chr6_78750000_81250000__AFR__stroke_vs_asthma	6:78750000-81250000	AFR	stroke	asthma	0.0033	high	0.000	0.0082	0.0000	0.4091
chr16_65750000_78250000__AFR__stroke_vs_asthma	16:65750000-78250000	AFR	stroke	asthma	0.0033	high	0.000	0.0082	0.0000	0.4091
chr9_123750000_132250000__AFR__stroke_vs_asthma	9:123750000-132250000	AFR	stroke	asthma	0.0033	high	0.000	0.0082	0.0000	0.4091
chr7_43750000_47250000__AFR__stroke_vs_asthma	7:43750000-47250000	AFR	stroke	asthma	0.0033	high	0.000	0.0082	0.0000	0.4091
chr9_100750000_105250000__AFR__stroke_vs_asthma	9:100750000-105250000	AFR	stroke	asthma	0.0033	high	0.000	0.0082	0.0000	0.4091
chr8_111750000_113250000__AFR__stroke_vs_asthma	8:111750000-113250000	AFR	stroke	asthma	0.0033	high	0.000	0.0082	0.0000	0.4091
chr11_44750000_52250000__AFR__stroke_vs_asthma	11:44750000-52250000	AFR	stroke	asthma	0.0033	high	0.000	0.0082	0.0000	0.4091
chr10_123750000_127250000__AFR__stroke_vs_asthma	10:123750000-127250000	AFR	stroke	asthma	0.0033	high	0.000	0.0082	0.0000	0.4091
chr12_30750000_32250000__AFR__stroke_vs_asthma	12:30750000-32250000	AFR	stroke	asthma	0.0033	high	0.000	0.0082	0.0000	0.4091
chr6_86750000_88250000__AFR__stroke_vs_asthma	6:86750000-88250000	AFR	stroke	asthma	0.0033	high	0.000	0.0082	0.0000	0.4091
chr19_20750000_23250000__AFR__stroke_vs_asthma	19:20750000-23250000	AFR	stroke	asthma	0.0033	high	0.000	0.0082	0.0000	0.4091
chr5_70750000_72250000__AFR__stroke_vs_asthma	5:70750000-72250000	AFR	stroke	asthma	0.0033	high	0.000	0.0082	0.0000	0.4091
chr16_18750000_22250000__AFR__stroke_vs_asthma	16:18750000-22250000	AFR	stroke	asthma	0.0033	high	0.000	0.0082	0.0000	0.4091
chr4_154750000_159250000__AFR__stroke_vs_asthma	4:154750000-159250000	AFR	stroke	asthma	0.0033	high	0.000	0.0082	0.0000	0.4091
chr10_29750000_35250000__AFR__stroke_vs_asthma	10:29750000-35250000	AFR	stroke	asthma	0.0033	high	0.000	0.0082	0.0000	0.4091
chr3_22750000_26250000__AFR__stroke_vs_asthma	3:22750000-26250000	AFR	stroke	asthma	0.0033	high	0.000	0.0082	0.0000	0.4091
chr16_85750000_88250000__AFR__stroke_vs_asthma	16:85750000-88250000	AFR	stroke	asthma	0.0033	high	0.000	0.0082	0.0000	0.4091
chr19_43750000_48250000__AFR__stroke_vs_asthma	19:43750000-48250000	AFR	stroke	asthma	0.0033	high	0.000	0.0082	0.0000	0.4091
chr5_146750000_149250000__AFR__stroke_vs_asthma	5:146750000-149250000	AFR	stroke	asthma	0.0033	high	0.000	0.0082	0.0000	0.4091
chr11_21750000_23250000__AFR__stroke_vs_asthma	11:21750000-23250000	AFR	stroke	asthma	0.0033	high	0.000	0.0082	0.0000	0.4091
chr11_53750000_59250000__AFR__stroke_vs_asthma	11:53750000-59250000	AFR	stroke	asthma	0.0033	high	0.000	0.0082	0.0000	0.4091
chr7_95750000_97250000__AFR__stroke_vs_asthma	7:95750000-97250000	AFR	stroke	asthma	0.0033	high	0.000	0.0082	0.0000	0.4091
chr22_39750000_43250000__AFR__stroke_vs_asthma	22:39750000-43250000	AFR	stroke	asthma	0.0033	high	0.000	0.0082	0.0000	0.4091
chr3_76750000_79250000__AFR__stroke_vs_asthma	3:76750000-79250000	AFR	stroke	asthma	0.0033	high	0.000	0.0082	0.0000	0.4091
chr1_188750000_192250000__AFR__stroke_vs_asthma	1:188750000-192250000	AFR	stroke	asthma	0.0033	high	0.000	0.0082	0.0000	0.4091
chr18_71750000_74250000__AFR__stroke_vs_asthma	18:71750000-74250000	AFR	stroke	asthma	0.0033	high	0.000	0.0082	0.0000	0.4091
chr1_163750000_165250000__AFR__stroke_vs_asthma	1:163750000-165250000	AFR	stroke	asthma	0.0033	high	0.000	0.0082	0.0000	0.4091
chr4_66750000_69250000__AFR__stroke_vs_asthma	4:66750000-69250000	AFR	stroke	asthma	0.0033	high	0.000	0.0082	0.0000	0.4091
chr7_31750000_33250000__AFR__stroke_vs_asthma	7:31750000-33250000	AFR	stroke	asthma	0.0033	high	0.000	0.0082	0.0000	0.4091
chr5_79750000_82250000__AFR__stroke_vs_asthma	5:79750000-82250000	AFR	stroke	asthma	0.0033	high	0.000	0.0082	0.0000	0.4091
chr1_26750000_28250000__AFR__stroke_vs_asthma	1:26750000-28250000	AFR	stroke	asthma	0.0033	high	0.000	0.0082	0.0000	0.4091
chr3_40750000_54250000__AFR__stroke_vs_asthma	3:40750000-54250000	AFR	stroke	asthma	0.0033	high	0.000	0.0082	0.0000	0.4091
chr6_81750000_84250000__AFR__stroke_vs_asthma	6:81750000-84250000	AFR	stroke	asthma	0.0033	high	0.000	0.0082	0.0000	0.4091
chr2_141750000_150250000__AFR__stroke_vs_asthma	2:141750000-150250000	AFR	stroke	asthma	0.0033	high	0.000	0.0082	0.0000	0.4091
chr3_155750000_159250000__AFR__stroke_vs_asthma	3:155750000-159250000	AFR	stroke	asthma	0.0033	high	0.000	0.0082	0.0000	0.4091
chr7_146750000_148250000__AFR__stroke_vs_asthma	7:146750000-148250000	AFR	stroke	asthma	0.0033	high	0.000	0.0082	0.0000	0.4091
chr15_37750000_39250000__AFR__stroke_vs_asthma	15:37750000-39250000	AFR	stroke	asthma	0.0033	high	0.000	0.0082	0.0000	0.4091
chr15_97750000_101250000__AFR__stroke_vs_asthma	15:97750000-101250000	AFR	stroke	asthma	0.0033	high	0.000	0.0082	0.0000	0.4091
chr19_38750000_43250000__AFR__stroke_vs_asthma	19:38750000-43250000	AFR	stroke	asthma	0.0033	high	0.000	0.0082	0.0000	0.4091
chr15_50750000_54250000__AFR__stroke_vs_asthma	15:50750000-54250000	AFR	stroke	asthma	0.0033	high	0.000	0.0082	0.0000	0.4091
chr2_18750000_21250000__AFR__stroke_vs_asthma	2:18750000-21250000	AFR	stroke	asthma	0.0033	high	0.000	0.0082	0.0000	0.4091
chr3_103750000_105250000__AFR__stroke_vs_asthma	3:103750000-105250000	AFR	stroke	asthma	0.0033	high	0.000	0.0082	0.0000	0.4091
chr10_5750000_7250000__AFR__stroke_vs_asthma	10:5750000-7250000	AFR	stroke	asthma	0.0033	high	0.000	0.0082	0.0000	0.4091
chr5_143750000_145250000__AFR__stroke_vs_asthma	5:143750000-145250000	AFR	stroke	asthma	0.0033	high	0.000	0.0082	0.0000	0.4091
chr14_45750000_48250000__AFR__stroke_vs_asthma	14:45750000-48250000	AFR	stroke	asthma	0.0033	high	0.000	0.0082	0.0000	0.4091
chr4_82750000_84250000__AFR__stroke_vs_asthma	4:82750000-84250000	AFR	stroke	asthma	0.0033	high	0.000	0.0082	0.0000	0.4091
chr8_5750000_7250000__AFR__stroke_vs_asthma	8:5750000-7250000	AFR	stroke	asthma	0.0033	high	0.000	0.0082	0.0000	0.4091
chr6_140750000_145250000__AFR__stroke_vs_asthma	6:140750000-145250000	AFR	stroke	asthma	0.0033	high	0.000	0.0082	0.0000	0.4091
chr22_33750000_37250000__AFR__stroke_vs_asthma	22:33750000-37250000	AFR	stroke	asthma	0.0033	high	0.000	0.0082	0.0000	0.4091
chr5_109750000_116250000__AFR__stroke_vs_asthma	5:109750000-116250000	AFR	stroke	asthma	0.0033	high	0.000	0.0082	0.0000	0.4091
chr2_132750000_134250000__AFR__stroke_vs_asthma	2:132750000-134250000	AFR	stroke	asthma	0.0033	high	0.000	0.0082	0.0000	0.4091
chr4_88750000_90250000__AFR__stroke_vs_asthma	4:88750000-90250000	AFR	stroke	asthma	0.0033	high	0.000	0.0082	0.0000	0.4091
chr2_217750000_221250000__AFR__stroke_vs_asthma	2:217750000-221250000	AFR	stroke	asthma	0.0033	high	0.000	0.0082	0.0000	0.4091
chr21_34750000_37250000__AFR__stroke_vs_asthma	21:34750000-37250000	AFR	stroke	asthma	0.0033	high	0.000	0.0082	0.0000	0.4091
chr17_33750000_37250000__AFR__stroke_vs_asthma	17:33750000-37250000	AFR	stroke	asthma	0.0033	high	0.000	0.0082	0.0000	0.4091
chr17_750000_8250000__AFR__stroke_vs_asthma	17:750000-8250000	AFR	stroke	asthma	0.0033	high	0.000	0.0082	0.0000	0.4091
chr9_32750000_38250000__AFR__stroke_vs_asthma	9:32750000-38250000	AFR	stroke	asthma	0.0033	high	0.000	0.0082	0.0000	0.4091
chr12_40750000_43250000__AFR__stroke_vs_asthma	12:40750000-43250000	AFR	stroke	asthma	0.0033	high	0.000	0.0082	0.0000	0.4091
chr7_136750000_141250000__AFR__stroke_vs_asthma	7:136750000-141250000	AFR	stroke	asthma	0.0033	high	0.000	0.0082	0.0000	0.4091
chr9_12750000_17250000__AFR__stroke_vs_asthma	9:12750000-17250000	AFR	stroke	asthma	0.0033	high	0.000	0.0082	0.0000	0.4091
chr8_29750000_31250000__AFR__stroke_vs_asthma	8:29750000-31250000	AFR	stroke	asthma	0.0033	high	0.000	0.0082	0.0000	0.4091
chr4_51750000_57250000__AFR__stroke_vs_asthma	4:51750000-57250000	AFR	stroke	asthma	0.0033	high	0.000	0.0082	0.0000	0.4091
chr6_149750000_158250000__AFR__stroke_vs_asthma	6:149750000-158250000	AFR	stroke	asthma	0.0033	high	0.000	0.0082	0.0000	0.4091
chr2_126750000_128250000__AFR__stroke_vs_asthma	2:126750000-128250000	AFR	stroke	asthma	0.0033	high	0.000	0.0082	0.0000	0.4091
chr4_70750000_72250000__AFR__stroke_vs_asthma	4:70750000-72250000	AFR	stroke	asthma	0.0033	high	0.000	0.0082	0.0000	0.4091
chr10_1750000_3250000__AFR__stroke_vs_asthma	10:1750000-3250000	AFR	stroke	asthma	0.0033	high	0.000	0.0082	0.0000	0.4091
chr2_195750000_197250000__AFR__stroke_vs_asthma	2:195750000-197250000	AFR	stroke	asthma	0.0033	high	0.000	0.0082	0.0000	0.4091
chr12_65750000_72250000__AFR__stroke_vs_asthma	12:65750000-72250000	AFR	stroke	asthma	0.0033	high	0.000	0.0082	0.0000	0.4091
chr1_178750000_181250000__AFR__stroke_vs_asthma	1:178750000-181250000	AFR	stroke	asthma	0.0033	high	0.000	0.0082	0.0000	0.4091
chr16_8750000_13250000__AFR__stroke_vs_asthma	16:8750000-13250000	AFR	stroke	asthma	0.0033	high	0.000	0.0082	0.0000	0.4091
chr16_1750000_5250000__AFR__stroke_vs_asthma	16:1750000-5250000	AFR	stroke	asthma	0.0033	high	0.000	0.0082	0.0000	0.4091
chr17_37750000_50250000__AFR__stroke_vs_asthma	17:37750000-50250000	AFR	stroke	asthma	0.0033	high	0.000	0.0082	0.0000	0.4091
chr7_67750000_81250000__AFR__stroke_vs_asthma	7:67750000-81250000	AFR	stroke	asthma	0.0033	high	0.000	0.0082	0.0000	0.4091
chr6_69750000_71250000__AFR__stroke_vs_asthma	6:69750000-71250000	AFR	stroke	asthma	0.0033	high	0.000	0.0082	0.0000	0.4091
chr1_213750000_215250000__AFR__stroke_vs_asthma	1:213750000-215250000	AFR	stroke	asthma	0.0033	high	0.000	0.0082	0.0000	0.4091
chr1_36750000_53250000__AFR__stroke_vs_asthma	1:36750000-53250000	AFR	stroke	asthma	0.0033	high	0.000	0.0082	0.0000	0.4091
chr2_163750000_167250000__AFR__stroke_vs_asthma	2:163750000-167250000	AFR	stroke	asthma	0.0033	high	0.000	0.0082	0.0000	0.4091
chr8_16750000_18250000__AFR__stroke_vs_asthma	8:16750000-18250000	AFR	stroke	asthma	0.0033	high	0.000	0.0082	0.0000	0.4091
chr1_226750000_231250000__AFR__stroke_vs_asthma	1:226750000-231250000	AFR	stroke	asthma	0.0033	high	0.000	0.0082	0.0000	0.4091
chr11_106750000_108250000__AFR__stroke_vs_asthma	11:106750000-108250000	AFR	stroke	asthma	0.0033	high	0.000	0.0082	0.0000	0.4091
chr7_97750000_101250000__AFR__stroke_vs_asthma	7:97750000-101250000	AFR	stroke	asthma	0.0033	high	0.000	0.0082	0.0000	0.4091
chr6_6750000_10250000__AFR__stroke_vs_asthma	6:6750000-10250000	AFR	stroke	asthma	0.0033	high	0.000	0.0082	0.0000	0.4091
chr1_160750000_162250000__AFR__stroke_vs_asthma	1:160750000-162250000	AFR	stroke	asthma	0.0033	high	0.000	0.0082	0.0000	0.4091
chr4_64750000_66250000__AFR__stroke_vs_asthma	4:64750000-66250000	AFR	stroke	asthma	0.0033	high	0.000	0.0082	0.0000	0.4091
chr6_14750000_16250000__AFR__stroke_vs_asthma	6:14750000-16250000	AFR	stroke	asthma	0.0033	high	0.000	0.0082	0.0000	0.4091
chr13_95750000_100250000__AFR__stroke_vs_asthma	13:95750000-100250000	AFR	stroke	asthma	0.0033	high	0.000	0.0082	0.0000	0.4091
chr4_0_4250000__AFR__stroke_vs_asthma	4:0-4250000	AFR	stroke	asthma	0.0033	high	0.000	0.0082	0.0000	0.4091
chr1_193750000_196250000__AFR__stroke_vs_asthma	1:193750000-196250000	AFR	stroke	asthma	0.0033	high	0.000	0.0082	0.0000	0.4091
chr3_192750000_198250000__AFR__stroke_vs_asthma	3:192750000-198250000	AFR	stroke	asthma	0.0033	high	0.000	0.0082	0.0000	0.4091
chr5_156750000_160250000__AFR__stroke_vs_asthma	5:156750000-160250000	AFR	stroke	asthma	0.0033	high	0.000	0.0082	0.0000	0.4091
chr12_95750000_100250000__AFR__stroke_vs_asthma	12:95750000-100250000	AFR	stroke	asthma	0.0033	high	0.000	0.0082	0.0000	0.4091
chr8_140750000_146250000__AFR__stroke_vs_asthma	8:140750000-146250000	AFR	stroke	asthma	0.0033	high	0.000	0.0082	0.0000	0.4091
chr16_88750000_91250000__AFR__stroke_vs_asthma	16:88750000-91250000	AFR	stroke	asthma	0.0033	high	0.000	0.0082	0.0000	0.4091
chr20_38750000_46250000__AFR__stroke_vs_asthma	20:38750000-46250000	AFR	stroke	asthma	0.0033	high	0.000	0.0082	0.0000	0.4091
chr4_29750000_32250000__AFR__stroke_vs_asthma	4:29750000-32250000	AFR	stroke	asthma	0.0033	high	0.000	0.0082	0.0000	0.4091
chr3_79750000_91250000__AFR__stroke_vs_asthma	3:79750000-91250000	AFR	stroke	asthma	0.0033	high	0.000	0.0082	0.0000	0.4091
chr17_67750000_69250000__AFR__stroke_vs_asthma	17:67750000-69250000	AFR	stroke	asthma	0.0033	high	0.000	0.0082	0.0000	0.4091
chr15_56750000_64250000__AFR__stroke_vs_asthma	15:56750000-64250000	AFR	stroke	asthma	0.0033	high	0.000	0.0082	0.0000	0.4091
chr19_50750000_52250000__AFR__stroke_vs_asthma	19:50750000-52250000	AFR	stroke	asthma	0.0033	high	0.000	0.0082	0.0000	0.4091
chr3_92750000_95250000__AFR__stroke_vs_asthma	3:92750000-95250000	AFR	stroke	asthma	0.0033	high	0.000	0.0082	0.0000	0.4091
chr6_89750000_91250000__AFR__stroke_vs_asthma	6:89750000-91250000	AFR	stroke	asthma	0.0033	high	0.000	0.0082	0.0000	0.4091
chr10_86750000_90250000__AFR__stroke_vs_asthma	10:86750000-90250000	AFR	stroke	asthma	0.0033	high	0.000	0.0082	0.0000	0.4091
chr10_52750000_54250000__AFR__stroke_vs_asthma	10:52750000-54250000	AFR	stroke	asthma	0.0033	high	0.000	0.0082	0.0000	0.4091
chr10_44750000_46250000__AFR__stroke_vs_asthma	10:44750000-46250000	AFR	stroke	asthma	0.0033	high	0.000	0.0082	0.0000	0.4091
chr21_29750000_31250000__AFR__stroke_vs_asthma	21:29750000-31250000	AFR	stroke	asthma	0.0033	high	0.000	0.0082	0.0000	0.4091
chr1_53750000_55250000__AFR__stroke_vs_asthma	1:53750000-55250000	AFR	stroke	asthma	0.0033	high	0.000	0.0082	0.0000	0.4091
chr1_114750000_121250000__AFR__stroke_vs_asthma	1:114750000-121250000	AFR	stroke	asthma	0.0033	high	0.000	0.0082	0.0000	0.4091
chr6_146750000_148250000__AFR__stroke_vs_asthma	6:146750000-148250000	AFR	stroke	asthma	0.0033	high	0.000	0.0082	0.0000	0.4091
chr7_48750000_52250000__AFR__stroke_vs_asthma	7:48750000-52250000	AFR	stroke	asthma	0.0033	high	0.000	0.0082	0.0000	0.4091
chr11_99750000_101250000__AFR__stroke_vs_asthma	11:99750000-101250000	AFR	stroke	asthma	0.0033	high	0.000	0.0082	0.0000	0.4091
chr22_37750000_39250000__AFR__stroke_vs_asthma	22:37750000-39250000	AFR	stroke	asthma	0.0033	high	0.000	0.0082	0.0000	0.4091
chr2_154750000_160250000__AFR__stroke_vs_asthma	2:154750000-160250000	AFR	stroke	asthma	0.0033	high	0.000	0.0082	0.0000	0.4091
chr10_7750000_10250000__AFR__stroke_vs_asthma	10:7750000-10250000	AFR	stroke	asthma	0.0033	high	0.000	0.0082	0.0000	0.4091
chr5_58750000_65250000__AFR__stroke_vs_asthma	5:58750000-65250000	AFR	stroke	asthma	0.0033	high	0.000	0.0082	0.0000	0.4091
chr14_81750000_83250000__AFR__stroke_vs_asthma	14:81750000-83250000	AFR	stroke	asthma	0.0033	high	0.000	0.0082	0.0000	0.4091
chr7_148750000_152250000__AFR__stroke_vs_asthma	7:148750000-152250000	AFR	stroke	asthma	0.0033	high	0.000	0.0082	0.0000	0.4091
chr5_2750000_4250000__AFR__stroke_vs_asthma	5:2750000-4250000	AFR	stroke	asthma	0.0033	high	0.000	0.0082	0.0000	0.4091
chr7_12750000_23250000__AFR__stroke_vs_asthma	7:12750000-23250000	AFR	stroke	asthma	0.0033	high	0.000	0.0082	0.0000	0.4091
chr2_160750000_163250000__AFR__stroke_vs_asthma	2:160750000-163250000	AFR	stroke	asthma	0.0033	high	0.000	0.0082	0.0000	0.4091
chr13_35750000_37250000__AFR__stroke_vs_asthma	13:35750000-37250000	AFR	stroke	asthma	0.0033	high	0.000	0.0082	0.0000	0.4091
chr1_750000_4250000__AFR__stroke_vs_asthma	1:750000-4250000	AFR	stroke	asthma	0.0033	high	0.000	0.0082	0.0000	0.4091
chr2_34750000_38250000__AFR__stroke_vs_asthma	2:34750000-38250000	AFR	stroke	asthma	0.0033	high	0.000	0.0082	0.0000	0.4091
chr20_14750000_18250000__AFR__stroke_vs_asthma	20:14750000-18250000	AFR	stroke	asthma	0.0033	high	0.000	0.0082	0.0000	0.4091
chr10_15750000_20250000__AFR__stroke_vs_asthma	10:15750000-20250000	AFR	stroke	asthma	0.0033	high	0.000	0.0082	0.0000	0.4091
chr6_132750000_136250000__AFR__stroke_vs_asthma	6:132750000-136250000	AFR	stroke	asthma	0.0033	high	0.000	0.0082	0.0000	0.4091
chr9_3750000_7250000__AFR__stroke_vs_asthma	9:3750000-7250000	AFR	stroke	asthma	0.0033	high	0.000	0.0082	0.0000	0.4091
chr8_91750000_94250000__AFR__stroke_vs_asthma	8:91750000-94250000	AFR	stroke	asthma	0.0033	high	0.000	0.0082	0.0000	0.4091
chr15_39750000_45250000__AFR__stroke_vs_asthma	15:39750000-45250000	AFR	stroke	asthma	0.0033	high	0.000	0.0082	0.0000	0.4091
chr9_138750000_141250000__AFR__stroke_vs_asthma	9:138750000-141250000	AFR	stroke	asthma	0.0033	high	0.000	0.0082	0.0000	0.4091
chr22_47750000_49250000__AFR__stroke_vs_asthma	22:47750000-49250000	AFR	stroke	asthma	0.0033	high	0.000	0.0082	0.0000	0.4091
chr5_104750000_109250000__AFR__stroke_vs_asthma	5:104750000-109250000	AFR	stroke	asthma	0.0033	high	0.000	0.0082	0.0000	0.4091
chr17_58750000_63250000__AFR__stroke_vs_asthma	17:58750000-63250000	AFR	stroke	asthma	0.0033	high	0.000	0.0082	0.0000	0.4091
chr7_4750000_8250000__AFR__stroke_vs_asthma	7:4750000-8250000	AFR	stroke	asthma	0.0033	high	0.000	0.0082	0.0000	0.4091
chr15_84750000_87250000__AFR__stroke_vs_asthma	15:84750000-87250000	AFR	stroke	asthma	0.0033	high	0.000	0.0082	0.0000	0.4091
chr1_200750000_206250000__AFR__stroke_vs_asthma	1:200750000-206250000	AFR	stroke	asthma	0.0033	high	0.000	0.0082	0.0000	0.4091
chr3_175750000_178250000__AFR__stroke_vs_asthma	3:175750000-178250000	AFR	stroke	asthma	0.0033	high	0.000	0.0082	0.0000	0.4091
chr14_39750000_42250000__AFR__stroke_vs_asthma	14:39750000-42250000	AFR	stroke	asthma	0.0033	high	0.000	0.0082	0.0000	0.4091
chr9_83750000_85250000__AFR__stroke_vs_asthma	9:83750000-85250000	AFR	stroke	asthma	0.0033	high	0.000	0.0082	0.0000	0.4091
chr10_132750000_135250000__AFR__stroke_vs_asthma	10:132750000-135250000	AFR	stroke	asthma	0.0033	high	0.000	0.0082	0.0000	0.4091
chr5_13750000_15250000__AFR__stroke_vs_asthma	5:13750000-15250000	AFR	stroke	asthma	0.0033	high	0.000	0.0082	0.0000	0.4091
chr5_41750000_44250000__AFR__stroke_vs_asthma	5:41750000-44250000	AFR	stroke	asthma	0.0033	high	0.000	0.0082	0.0000	0.4091
chr1_196750000_199250000__AFR__stroke_vs_asthma	1:196750000-199250000	AFR	stroke	asthma	0.0033	high	0.000	0.0082	0.0000	0.4091
chr8_31750000_35250000__AFR__stroke_vs_asthma	8:31750000-35250000	AFR	stroke	asthma	0.0033	high	0.000	0.0082	0.0000	0.4091
chr8_24750000_29250000__AFR__stroke_vs_asthma	8:24750000-29250000	AFR	stroke	asthma	0.0033	high	0.000	0.0082	0.0000	0.4091
chr3_36750000_39250000__AFR__stroke_vs_asthma	3:36750000-39250000	AFR	stroke	asthma	0.0033	high	0.000	0.0082	0.0000	0.4091
chr17_14750000_17250000__AFR__stroke_vs_asthma	17:14750000-17250000	AFR	stroke	asthma	0.0033	high	0.000	0.0082	0.0000	0.4091
