# Wave 2b preflight -- HGDP+1kG AFR gnomAD v3.1.2 reachability + schema
# Run at: 2026-04-12T02:54:44Z
# Plan: 01-03 (Task 1-03-00)

=== 1. Metadata HEAD (gnomAD v3.1.2 HGDP+1kG meta TSV) ===
HTTP/2 404 
content-type: application/xml; charset=UTF-8
x-guploader-uploadid: AMNfjG19rh3JKzAfb42H2e4Wmhp5NcNiEo6AICTEfRyqAZfbs2TYRAjpH1WYT5KcJ-_2dXAR
content-length: 235
date: Sun, 12 Apr 2026 02:54:44 GMT
expires: Sun, 12 Apr 2026 02:54:44 GMT
cache-control: private, max-age=0
server: UploadServer

=== 1b. Metadata URL variants ===
404  https://storage.googleapis.com/gcp-public-data--gnomad/release/3.1.2/pca/gnomad.v3.1.2.hgdp_tgp_meta.tsv
404  https://storage.googleapis.com/gcp-public-data--gnomad/release/3.1.2/pca/gnomad.v3.1.2.hgdp_1kg_subset.sample_meta.tsv
404  https://storage.googleapis.com/gcp-public-data--gnomad/release/3.1/secondary_analyses/hgdp_1kg_v2/metadata_and_qc/gnomad_meta_v1.tsv
404  https://storage.googleapis.com/gcp-public-data--gnomad/resources/hgdp_1kg/phased_haplotypes_v2/gnomad.genomes.v3.1.2.hgdp_tgp.sample.meta.tsv.gz
404  https://storage.googleapis.com/gcp-public-data--gnomad/release/3.1/secondary_analyses/hgdp_1kg/sample_meta.tsv.gz
404  https://storage.googleapis.com/gcp-public-data--gnomad/resources/hgdp_1kg/phased_haplotypes_v2/metadata_and_qc/gnomad_meta_v1.tsv

=== 1c. Bucket listing to discover structure ===
{
  "kind": "storage#objects"
}
---
{
  "kind": "storage#objects"
}
=== 1d. Broader listing via XML API ===
<?xml version='1.0' encoding='UTF-8'?><ListBucketResult xmlns='http://doc.s3.amazonaws.com/2006-03-01'><Name>gcp-public-data--gnomad</Name><Prefix>resources/hgdp_1kg</Prefix><Marker></Marker><NextMarker>resources/hgdp_1kg/phased_haplotypes_v2/README.md</NextMarker><MaxKeys>50</MaxKeys><IsTruncated>true</IsTruncated><Contents><Key>resources/hgdp_1kg/</Key><Generation>1691452838136629</Generation><MetaGeneration>1</MetaGeneration><LastModified>2023-08-08T00:00:38.156Z</LastModified><ETag>"d41d8cd98f00b204e9800998ecf8427e"</ETag><Size>0</Size></Contents><Contents><Key>resources/hgdp_1kg/phased_haplotypes/</Key><Generation>1649462565123757</Generation><MetaGeneration>1</MetaGeneration><LastModified>2022-04-09T00:02:45.163Z</LastModified><ETag>"d41d8cd98f00b204e9800998ecf8427e"</ETag><Size>0</Size></Contents><Contents><Key>resources/hgdp_1kg/phased_haplotypes/hgdp.tgp.gwaspy.merged.chr1.merged.bcf</Key><Generation>1649462565028162</Generation><MetaGeneration>1</MetaGeneration><LastModified>2022-04-09T00:02:45.204Z</LastModified><ETag>"-CMKCifLWhfcCEAE="</ETag><Size>18098835857</Size></Contents><Contents><Key>resources/hgdp_1kg/phased_haplotypes/hgdp.tgp.gwaspy.merged.chr1.merged.bcf.csi</Key><Generation>1649462565250100</Generation><MetaGeneration>1</MetaGeneration><LastModified>2022-04-09T00:02:45.282Z</LastModified><ETag>"d727fb7e43add923b7b0fc62068071f9"</ETag><Size>179779</Size></Contents><Contents><Key>resources/hgdp_1kg/phased_haplotypes/hgdp.tgp.gwaspy.merged.chr10.merged.bcf</Key><Generation>1649462565253499</Generation><MetaGeneration>1</MetaGeneration><LastModified>2022-04-09T00:02:45.397Z</LastModified><ETag>"-CPvilvLWhfcCEAE="</ETag><Size>18212162556</Size></Contents><Contents><Key>resources/hgdp_1kg/phased_haplotypes/hgdp.tgp.gwaspy.merged.chr10.merged.bcf.csi</Key><Generation>1649462565940558</Generation><MetaGeneration>1</MetaGeneration><LastModified>2022-04-09T00:02:45.977Z</LastModified><ETag>"5c0891c22aa023c276bfd1af1122769a"</ETag><Size>106712</Size></Contents><Contents><Key>resources/hgdp_1kg/phased_haplotypes/hgdp.tgp.gwaspy.merged.chr11.merged.bcf</Key><Generation>1649462562759135</Generation><MetaGeneration>1</MetaGeneration><LastModified>2022-04-09T00:02:42.866Z</LastModified><ETag>"-CN/D/vDWhfcCEAE="</ETag><Size>17535589679</Size></Contents><Contents><Key>resources/hgdp_1kg/phased_haplotypes/hgdp.tgp.gwaspy.merged.chr11.merged.bcf.csi</Key><Generation>1649462563878427</Generation><MetaGeneration>1</MetaGeneration><LastModified>2022-04-09T00:02:43.910Z</LastModified><ETag>"479c8c1a4bfdb51ba87656d41ef2c99d"</ETag><Size>103451</Size></Contents><Contents><Key>resources/hgdp_1kg/phased_haplotypes/hgdp.tgp.gwaspy.merged.chr12.merged.bcf</Key><Generation>1649462563974859</Generation><MetaGeneration>1</MetaGeneration><LastModified>2022-04-09T00:02:44.123Z</LastModified><ETag>"-CMvdyPHWhfcCEAE="</ETag><Size>16525711956</Size></Contents><Contents><Key>resources/hgdp_1kg/phased_haplotypes/hgdp.tgp.gwaspy.merged.chr12.merged.bcf.csi</Key><Generation>1649462565648449</Generation><MetaGeneration>1</MetaGeneration><LastModified>2022-04-09T00:02:45.680Z</LastModified><ETag>"d7b6ad0d1d30b011e07519aba3a12c74"</ETag><Size>104532</Size></Contents><Contents><Key>resources/hgdp_1kg/phased_haplotypes/hgdp.tgp.gwaspy.merged.chr13.merged.bcf</Key><Generation>1649462564437310</Generation><MetaGeneration>1</MetaGeneration><LastModified>2022-04-09T00:02:44.594Z</LastModified><ETag>"-CL765PHWhfcCEAE="</ETag><Size>12608872946</Size></Contents><Contents><Key>resources/hgdp_1kg/phased_haplotypes/hgdp.tgp.gwaspy.merged.chr13.merged.bcf.csi</Key><Generation>1649462566297970</Generation><MetaGeneration>1</MetaGeneration><LastModified>2022-04-09T00:02:46.328Z</LastModified><ETag>"41e4126a85a16c58ea5238f8e68fe366"</ETag><Size>74845</Size></Contents><Contents><Key>resources/hgdp_1kg/phased_haplotypes/hgdp.tgp.gwaspy.merged.chr14.merged.bcf</Key><Generation>1649462564948334</Generation><MetaGeneration>1</MetaGeneration><LastModified>2022-04-09T00:02:45.112Z</LastModified><ETag>"-CO6ShPLWhfcCEAE="</ETag><Size>11790030447</Size></Contents><Contents><Key>resources/hgdp_1kg/phased_haplotypes/hgdp.tgp.gwaspy.merged.chr14.merged.bcf.csi</Key><Generation>1649462564818830</Generation><MetaGeneration>1</MetaGeneration><LastModified>2022-04-09T00:02:44.860Z</LastModified><ETag>"f7559dbea939dbd96d6ea91bf5f359f0"</ETag><Size>68956</Size></Contents><Contents><Key>resources/hgdp_1kg/phased_haplotypes/hgdp.tgp.gwaspy.merged.chr15.merged.bcf</Key><Generation>1649462564034055</Generation><MetaGeneration>1</MetaGeneration><LastModified>2022-04-09T00:02:44.171Z</LastModified><ETag>"-CIeszPHWhfcCEAE="</ETag><Size>11383697972</Size></Contents><Contents><Key>resources/hgdp_1kg/phased_haplotypes/hgdp.tgp.gwaspy.merged.chr15.merged.bcf.csi</Key><Generation>1649462565499335</Generation><MetaGeneration>1</MetaGeneration><LastModified>2022-04-09T00:02:45.530Z</LastModified><ETag>"d7cb1e183862948797f751dfc52076be"</ETag><Size>64450</Size></Contents><Contents><Key>resources/hgdp_1kg/phased_haplotypes/hgdp.tgp.gwaspy.merged.chr16.merged.bcf</Key><Generation>1649462563873253</Generation><MetaGeneration>1</MetaGeneration><LastModified>2022-04-09T00:02:44.065Z</LastModified><ETag>"-COXDwvHWhfcCEAE="</ETag><Size>10736580775</Size></Contents><Contents><Key>resources/hgdp_1kg/phased_haplotypes/hgdp.tgp.gwaspy.merged.chr16.merged.bcf.csi</Key><Generation>1649462563279985</Generation><MetaGeneration>1</MetaGeneration><LastModified>2022-04-09T00:02:43.327Z</LastModified><ETag>"f298f21f226d3b2e1ebdd2bb3942bf2f"</ETag><Size>64340</Size></Contents><Contents><Key>resources/hgdp_1kg/phased_haplotypes/hgdp.tgp.gwaspy.merged.chr17.merged.bcf</Key><Generation>1649462563834165</Generation><MetaGeneration>1</MetaGeneration><LastModified>2022-04-09T00:02:43.996Z</LastModified><ETag>"-CLWSwPHWhfcCEAE="</ETag><Size>10102267554</Size></Contents><Contents><Key>resources/hgdp_1kg/phased_haplotypes/hgdp.tgp.gwaspy.merged.chr17.merged.bcf.csi</Key><Generation>1649462566083231</Generation><MetaGeneration>1</MetaGeneration><LastModified>2022-04-09T00:02:46.114Z</LastModified><ETag>"11b79b6e004fed7865a67d7e4524979c"</ETag><Size>63052</Size></Contents><Contents><Key>resources/hgdp_1kg/phased_haplotypes/hgdp.tgp.gwaspy.merged.chr18.merged.bcf</Key><Generation>1649462566629259</Generation><MetaGeneration>1</MetaGeneration><LastModified>2022-04-09T00:02:46.766Z</LastModified><ETag>"-CIvf6vLWhfcCEAE="</ETag><Size>9697061437</Size></Contents><Contents><Key>resources/hgdp_1kg/phased_haplotypes/hgdp.tgp.gwaspy.merged.chr18.merged.bcf.csi</Key><Generation>1649462566367866</Generation><MetaGeneration>1</MetaGeneration><LastModified>2022-04-09T00:02:46.399Z</LastModified><ETag>"90ef3a55abfd39667fc3693000fcdd9f"</ETag><Size>58321</Size></Contents><Contents><Key>resources/hgdp_1kg/phased_haplotypes/hgdp.tgp.gwaspy.merged.chr19.merged.bcf</Key><Generation>1649462564670166</Generation><MetaGeneration>1</MetaGeneration><LastModified>2022-04-09T00:02:44.860Z</LastModified><ETag>"-CNaV8/HWhfcCEAE="</ETag><Size>8477587048</Size></Contents><Contents><Key>resources/hgdp_1kg/phased_haplotypes/hgdp.tgp.gwaspy.merged.chr19.merged.bcf.csi</Key><Generation>1649462564971883</Generation><MetaGeneration>1</MetaGeneration><LastModified>2022-04-09T00:02:45.005Z</LastModified><ETag>"6d7b953b9b7ca152c055ab084820eb9c"</ETag><Size>45553</Size></Contents><Contents><Key>resources/hgdp_1kg/phased_haplotypes/hgdp.tgp.gwaspy.merged.chr2.merged.bcf</Key><Generation>1649462565012900</Generation><MetaGeneration>1</MetaGeneration><LastModified>2022-04-09T00:02:45.162Z</LastModified><ETag>"-CKSLiPLWhfcCEAE="</ETag><Size>31332121909</Size></Contents><Contents><Key>resources/hgdp_1kg/phased_haplotypes/hgdp.tgp.gwaspy.merged.chr2.merged.bcf.csi</Key><Generation>1649462562258765</Generation><MetaGeneration>1</MetaGeneration><LastModified>2022-04-09T00:02:42.289Z</LastModified><ETag>"f41a1c1a359f6ce580739b741f719e16"</ETag><Size>191714</Size></Contents><Contents><Key>resources/hgdp_1kg/phased_haplotypes/hgdp.tgp.gwaspy.merged.chr20.merged.bcf</Key><Generation>1649462563693283</Generation><MetaGeneration>1</MetaGeneration><LastModified>2022-04-09T00:02:43.863Z</LastModified><ETag>"-COPFt/HWhfcCEAE="</ETag><Size>8537585773</Size></Contents><Contents><Key>resources/hgdp_1kg/phased_haplotypes/hgdp.tgp.gwaspy.merged.chr20.merged.bcf.csi</Key><Generation>1649462562532332</Generation><MetaGeneration>1</MetaGeneration><LastModified>2022-04-09T00:02:42.638Z</LastModified><ETag>"8c3f9a298af2f87d8bdfa670d70fb8e1"</ETag><Size>48547</Size></Contents><Contents><Key>resources/hgdp_1kg/phased_haplotypes/hgdp.tgp.gwaspy.merged.chr21.merged.bcf</Key><Generation>1649462563091379</Generation><MetaGeneration>1</MetaGeneration><LastModified>2022-04-09T00:02:43.130Z</LastModified><ETag>"-CLPnkvHWhfcCEAE="</ETag><Size>4652186775</Size></Contents><Contents><Key>resources/hgdp_1kg/phased_haplotypes/hgdp.tgp.gwaspy.merged.chr21.merged.bcf.csi</Key><Generation>1649462563279717</Generation><MetaGeneration>1</MetaGeneration><LastModified>2022-04-09T00:02:43.327Z</LastModified><ETag>"46acc6172c4d20c67275c1b1ff812009"</ETag><Size>28649</Size></Contents><Contents><Key>resources/hgdp_1kg/phased_haplotypes/hgdp.tgp.gwaspy.merged.chr22.merged.bcf</Key><Generation>1649462566496383</Generation><MetaGeneration>1</MetaGeneration><LastModified>2022-04-09T00:02:46.566Z</LastModified><ETag>"-CP/Q4vLWhfcCEAE="</ETag><Size>5273718530</Size></Contents><Contents><Key>resources/hgdp_1kg/phased_haplotypes/hgdp.tgp.gwaspy.merged.chr22.merged.bcf.csi</Key><Generation>1649462562137225</Generation><MetaGeneration>1</MetaGeneration><LastModified>2022-04-09T00:02:42.179Z</LastModified><ETag>"9e41be66214e8666d9f3fa47206c3fb5"</ETag><Size>29668</Size></Contents><Contents><Key>resources/hgdp_1kg/phased_haplotypes/hgdp.tgp.gwaspy.merged.chr3.merged.bcf</Key><Generation>1649462565992179</Generation><MetaGeneration>1</MetaGeneration><LastModified>2022-04-09T00:02:46.165Z</LastModified><ETag>"-CPPtw/LWhfcCEAE="</ETag><Size>25627980691</Size></Contents><Contents><Key>resources/hgdp_1kg/phased_haplotypes/hgdp.tgp.gwaspy.merged.chr3.merged.bcf.csi</Key><Generation>1649462565551739</Generation><MetaGeneration>1</MetaGeneration><LastModified>2022-04-09T00:02:45.584Z</LastModified><ETag>"3e9544e68ec40ebf7d2e7bd6aacda414"</ETag><Size>156648</Size></Contents><Contents><Key>resources/hgdp_1kg/phased_haplotypes/hgdp.tgp.gwaspy.merged.chr4.merged.bcf</Key><Generation>1649462562625588</Generation><MetaGeneration>1</MetaGeneration><LastModified>2022-04-09T00:02:42.770Z</LastModified><ETag>"-CLSw9vDWhfcCEAE="</ETag><Size>24920848182</Size></Contents><Contents><Key>resources/hgdp_1kg/phased_haplotypes/hgdp.tgp.gwaspy.merged.chr4.merged.bcf.csi</Key><Generation>1649462566686096</Generation><MetaGeneration>1</MetaGeneration><LastModified>2022-04-09T00:02:46.722Z</LastModified><ETag>"552b02fb3a245baa8cc946a3f8ed4b80"</ETag><Size>149917</Size></Contents><Contents><Key>resources/hgdp_1kg/phased_haplotypes/hgdp.tgp.gwaspy.merged.chr5.merged.bcf</Key><Generation>1649462563651873</Generation><MetaGeneration>1</MetaGeneration><LastModified>2022-04-09T00:02:43.824Z</LastModified><ETag>"-CKGCtfHWhfcCEAE="</ETag><Size>23579534619</Size></Contents><Contents><Key>resources/hgdp_1kg/phased_haplotypes/hgdp.tgp.gwaspy.merged.chr5.merged.bcf.csi</Key><Generation>1649462566916634</Generation><MetaGeneration>1</MetaGeneration><LastModified>2022-04-09T00:02:46.946Z</LastModified><ETag>"51902d268f6abc855aca7c6a834b397a"</ETag><Size>141328</Size></Contents><Contents><Key>resources/hgdp_1kg/phased_haplotypes/hgdp.tgp.gwaspy.merged.chr6.merged.bcf</Key><Generation>1649462562399774</Generation><MetaGeneration>1</MetaGeneration><LastModified>2022-04-09T00:02:42.624Z</LastModified><ETag>"-CJ7M6PDWhfcCEAE="</ETag><Size>22339452967</Size></Contents><Contents><Key>resources/hgdp_1kg/phased_haplotypes/hgdp.tgp.gwaspy.merged.chr6.merged.bcf.csi</Key><Generation>1649462565389078</Generation><MetaGeneration>1</MetaGeneration><LastModified>2022-04-09T00:02:45.419Z</LastModified><ETag>"9419b72290f904f6c8ba01c79f085f0f"</ETag><Size>136070</Size></Contents><Contents><Key>resources/hgdp_1kg/phased_haplotypes/hgdp.tgp.gwaspy.merged.chr7.merged.bcf</Key><Generation>1649462567009093</Generation><MetaGeneration>1</MetaGeneration><LastModified>2022-04-09T00:02:47.144Z</LastModified><ETag>"-CMX2gfPWhfcCEAE="</ETag><Size>20639434812</Size></Contents><Contents><Key>resources/hgdp_1kg/phased_haplotypes/hgdp.tgp.gwaspy.merged.chr7.merged.bcf.csi</Key><Generation>1649462564296107</Generation><MetaGeneration>1</MetaGeneration><LastModified>2022-04-09T00:02:44.327Z</LastModified><ETag>"af842ae3fe9ac30a5e6b6d85bb645f08"</ETag><Size>124910</Size></Contents><Contents><Key>resources/hgdp_1kg/phased_haplotypes/hgdp.tgp.gwaspy.merged.chr8.merged.bcf</Key><Generation>1649462563210466</Generation><MetaGeneration>1</MetaGeneration><LastModified>2022-04-09T00:02:43.327Z</LastModified><ETag>"-COKJmvHWhfcCEAE="</ETag><Size>20489647363</Size></Contents><Contents><Key>resources/hgdp_1kg/phased_haplotypes/hgdp.tgp.gwaspy.merged.chr8.merged.bcf.csi</Key><Generation>1649462565912475</Generation><MetaGeneration>1</MetaGeneration><LastModified>2022-04-09T00:02:45.948Z</LastModified><ETag>"3b11268b681c6bc8b4150d7bd40b1cab"</ETag><Size>114755</Size></Contents><Contents><Key>resources/hgdp_1kg/phased_haplotypes/hgdp.tgp.gwaspy.merged.chr9.merged.bcf</Key><Generation>1649462563149169</Generation><MetaGeneration>1</MetaGeneration><LastModified>2022-04-09T00:02:43.291Z</LastModified><ETag>"-CPGqlvHWhfcCEAE="</ETag><Size>16026920237</Size></Contents><Contents><Key>resources/hgdp_1kg/phased_haplotypes/hgdp.tgp.gwaspy.merged.chr9.merged.bcf.csi</Key><Generation>1649462563735968</Generation><MetaGeneration>1</MetaGeneration><LastModified>2022-04-09T00:02:43.768Z</LastModified><ETag>"423cb3ca96a3bcab2209d774f70f0b18"</ETag><Size>95184</Size></Contents><Contents><Key>resources/hgdp_1kg/phased_haplotypes/hgdp.tgp.gwaspy.merged.chrX.merged.bcf</Key><Generation>1649462566595890</Generation><MetaGeneration>1</MetaGeneration><LastModified>2022-04-09T00:02:46.670Z</LastModified><ETag>"-CLLa6PLWhfcCEAE="</ETag><Size>12885864886</Size></Contents><Contents><Key>resources/hgdp_1kg/phased_haplotypes/hgdp.tgp.gwaspy.merged.chrX.merged.bcf.csi</Key><Generation>1649462562470179</Generation><MetaGeneration>1</MetaGeneration><LastModified>2022-04-09T00:02:42.509Z</LastModified><ETag>"516c029abf7312a590980dd93b972279"</ETag><Size>117811</Size></Contents><Contents><Key>resources/hgdp_1kg/phased_haplotypes_v2/</Key><Generation>1691452836634041</Generation><MetaGeneration>1</MetaGeneration><LastModified>2023-08-08T00:00:36.655Z</LastModified><ETag>"d41d8cd98f00b204e9800998ecf8427e"</ETag><Size>0</Size></Contents><Contents><Key>resources/hgdp_1kg/phased_haplotypes_v2/README.md</Key><Generation>1714521643110509</Generation><MetaGeneration>1</MetaGeneration><LastModified>2024-05-01T00:00:43.145Z</LastModified><ETag>"11288fa0785e3bf836a4681c56bbee57"</ETag><Size>1136</Size></Contents></ListBucketResult>=== 1e. List phased_haplotypes_v2 contents ===
resources/hgdp_1kg/phased_haplotypes_v2/
resources/hgdp_1kg/phased_haplotypes_v2/README.md
resources/hgdp_1kg/phased_haplotypes_v2/hgdp1kgp_chr1.filtered.SNV_INDEL.phased.shapeit5.bcf
resources/hgdp_1kg/phased_haplotypes_v2/hgdp1kgp_chr1.filtered.SNV_INDEL.phased.shapeit5.bcf.csi
resources/hgdp_1kg/phased_haplotypes_v2/hgdp1kgp_chr10.filtered.SNV_INDEL.phased.shapeit5.bcf
resources/hgdp_1kg/phased_haplotypes_v2/hgdp1kgp_chr10.filtered.SNV_INDEL.phased.shapeit5.bcf.csi
resources/hgdp_1kg/phased_haplotypes_v2/hgdp1kgp_chr11.filtered.SNV_INDEL.phased.shapeit5.bcf
resources/hgdp_1kg/phased_haplotypes_v2/hgdp1kgp_chr11.filtered.SNV_INDEL.phased.shapeit5.bcf.csi
resources/hgdp_1kg/phased_haplotypes_v2/hgdp1kgp_chr12.filtered.SNV_INDEL.phased.shapeit5.bcf
resources/hgdp_1kg/phased_haplotypes_v2/hgdp1kgp_chr12.filtered.SNV_INDEL.phased.shapeit5.bcf.csi
resources/hgdp_1kg/phased_haplotypes_v2/hgdp1kgp_chr13.filtered.SNV_INDEL.phased.shapeit5.bcf
resources/hgdp_1kg/phased_haplotypes_v2/hgdp1kgp_chr13.filtered.SNV_INDEL.phased.shapeit5.bcf.csi
resources/hgdp_1kg/phased_haplotypes_v2/hgdp1kgp_chr14.filtered.SNV_INDEL.phased.shapeit5.bcf
resources/hgdp_1kg/phased_haplotypes_v2/hgdp1kgp_chr14.filtered.SNV_INDEL.phased.shapeit5.bcf.csi
resources/hgdp_1kg/phased_haplotypes_v2/hgdp1kgp_chr15.filtered.SNV_INDEL.phased.shapeit5.bcf
resources/hgdp_1kg/phased_haplotypes_v2/hgdp1kgp_chr15.filtered.SNV_INDEL.phased.shapeit5.bcf.csi
resources/hgdp_1kg/phased_haplotypes_v2/hgdp1kgp_chr16.filtered.SNV_INDEL.phased.shapeit5.bcf
resources/hgdp_1kg/phased_haplotypes_v2/hgdp1kgp_chr16.filtered.SNV_INDEL.phased.shapeit5.bcf.csi
resources/hgdp_1kg/phased_haplotypes_v2/hgdp1kgp_chr17.filtered.SNV_INDEL.phased.shapeit5.bcf
resources/hgdp_1kg/phased_haplotypes_v2/hgdp1kgp_chr17.filtered.SNV_INDEL.phased.shapeit5.bcf.csi
resources/hgdp_1kg/phased_haplotypes_v2/hgdp1kgp_chr18.filtered.SNV_INDEL.phased.shapeit5.bcf
resources/hgdp_1kg/phased_haplotypes_v2/hgdp1kgp_chr18.filtered.SNV_INDEL.phased.shapeit5.bcf.csi
resources/hgdp_1kg/phased_haplotypes_v2/hgdp1kgp_chr19.filtered.SNV_INDEL.phased.shapeit5.bcf
resources/hgdp_1kg/phased_haplotypes_v2/hgdp1kgp_chr19.filtered.SNV_INDEL.phased.shapeit5.bcf.csi
resources/hgdp_1kg/phased_haplotypes_v2/hgdp1kgp_chr2.filtered.SNV_INDEL.phased.shapeit5.bcf
resources/hgdp_1kg/phased_haplotypes_v2/hgdp1kgp_chr2.filtered.SNV_INDEL.phased.shapeit5.bcf.csi
resources/hgdp_1kg/phased_haplotypes_v2/hgdp1kgp_chr20.filtered.SNV_INDEL.phased.shapeit5.bcf
resources/hgdp_1kg/phased_haplotypes_v2/hgdp1kgp_chr20.filtered.SNV_INDEL.phased.shapeit5.bcf.csi
resources/hgdp_1kg/phased_haplotypes_v2/hgdp1kgp_chr21.filtered.SNV_INDEL.phased.shapeit5.bcf
resources/hgdp_1kg/phased_haplotypes_v2/hgdp1kgp_chr21.filtered.SNV_INDEL.phased.shapeit5.bcf.csi
resources/hgdp_1kg/phased_haplotypes_v2/hgdp1kgp_chr22.filtered.SNV_INDEL.phased.shapeit5.bcf
resources/hgdp_1kg/phased_haplotypes_v2/hgdp1kgp_chr22.filtered.SNV_INDEL.phased.shapeit5.bcf.csi
resources/hgdp_1kg/phased_haplotypes_v2/hgdp1kgp_chr3.filtered.SNV_INDEL.phased.shapeit5.bcf
resources/hgdp_1kg/phased_haplotypes_v2/hgdp1kgp_chr3.filtered.SNV_INDEL.phased.shapeit5.bcf.csi
resources/hgdp_1kg/phased_haplotypes_v2/hgdp1kgp_chr4.filtered.SNV_INDEL.phased.shapeit5.bcf
resources/hgdp_1kg/phased_haplotypes_v2/hgdp1kgp_chr4.filtered.SNV_INDEL.phased.shapeit5.bcf.csi
resources/hgdp_1kg/phased_haplotypes_v2/hgdp1kgp_chr5.filtered.SNV_INDEL.phased.shapeit5.bcf
resources/hgdp_1kg/phased_haplotypes_v2/hgdp1kgp_chr5.filtered.SNV_INDEL.phased.shapeit5.bcf.csi
resources/hgdp_1kg/phased_haplotypes_v2/hgdp1kgp_chr6.filtered.SNV_INDEL.phased.shapeit5.bcf
resources/hgdp_1kg/phased_haplotypes_v2/hgdp1kgp_chr6.filtered.SNV_INDEL.phased.shapeit5.bcf.csi
resources/hgdp_1kg/phased_haplotypes_v2/hgdp1kgp_chr7.filtered.SNV_INDEL.phased.shapeit5.bcf
resources/hgdp_1kg/phased_haplotypes_v2/hgdp1kgp_chr7.filtered.SNV_INDEL.phased.shapeit5.bcf.csi
resources/hgdp_1kg/phased_haplotypes_v2/hgdp1kgp_chr8.filtered.SNV_INDEL.phased.shapeit5.bcf
resources/hgdp_1kg/phased_haplotypes_v2/hgdp1kgp_chr8.filtered.SNV_INDEL.phased.shapeit5.bcf.csi
resources/hgdp_1kg/phased_haplotypes_v2/hgdp1kgp_chr9.filtered.SNV_INDEL.phased.shapeit5.bcf
resources/hgdp_1kg/phased_haplotypes_v2/hgdp1kgp_chr9.filtered.SNV_INDEL.phased.shapeit5.bcf.csi
resources/hgdp_1kg/phased_haplotypes_v2/hgdp1kgp_chrX_non_par.full.shapeit5_rare.bcf
resources/hgdp_1kg/phased_haplotypes_v2/hgdp1kgp_chrX_non_par.full.shapeit5_rare.bcf.csi
resources/hgdp_1kg/phased_haplotypes_v2/hgdp1kgp_chrX_par1.shapeit5_common.bcf
resources/hgdp_1kg/phased_haplotypes_v2/hgdp1kgp_chrX_par1.shapeit5_common.bcf.csi
           0  resources/hgdp_1kg/phased_haplotypes_v2/
        1136  resources/hgdp_1kg/phased_haplotypes_v2/README.md
  1503407263  resources/hgdp_1kg/phased_haplotypes_v2/hgdp1kgp_chr1.filtered.SNV_INDEL.phased.shapeit5.bcf
      167577  resources/hgdp_1kg/phased_haplotypes_v2/hgdp1kgp_chr1.filtered.SNV_INDEL.phased.shapeit5.bcf.csi
   960605479  resources/hgdp_1kg/phased_haplotypes_v2/hgdp1kgp_chr10.filtered.SNV_INDEL.phased.shapeit5.bcf
       96986  resources/hgdp_1kg/phased_haplotypes_v2/hgdp1kgp_chr10.filtered.SNV_INDEL.phased.shapeit5.bcf.csi
   938082830  resources/hgdp_1kg/phased_haplotypes_v2/hgdp1kgp_chr11.filtered.SNV_INDEL.phased.shapeit5.bcf
       96254  resources/hgdp_1kg/phased_haplotypes_v2/hgdp1kgp_chr11.filtered.SNV_INDEL.phased.shapeit5.bcf.csi
   911827381  resources/hgdp_1kg/phased_haplotypes_v2/hgdp1kgp_chr12.filtered.SNV_INDEL.phased.shapeit5.bcf
       95829  resources/hgdp_1kg/phased_haplotypes_v2/hgdp1kgp_chr12.filtered.SNV_INDEL.phased.shapeit5.bcf.csi
   685109477  resources/hgdp_1kg/phased_haplotypes_v2/hgdp1kgp_chr13.filtered.SNV_INDEL.phased.shapeit5.bcf
       69924  resources/hgdp_1kg/phased_haplotypes_v2/hgdp1kgp_chr13.filtered.SNV_INDEL.phased.shapeit5.bcf.csi
   622981631  resources/hgdp_1kg/phased_haplotypes_v2/hgdp1kgp_chr14.filtered.SNV_INDEL.phased.shapeit5.bcf
       64089  resources/hgdp_1kg/phased_haplotypes_v2/hgdp1kgp_chr14.filtered.SNV_INDEL.phased.shapeit5.bcf.csi
   559117321  resources/hgdp_1kg/phased_haplotypes_v2/hgdp1kgp_chr15.filtered.SNV_INDEL.phased.shapeit5.bcf
       59879  resources/hgdp_1kg/phased_haplotypes_v2/hgdp1kgp_chr15.filtered.SNV_INDEL.phased.shapeit5.bcf.csi
   613162788  resources/hgdp_1kg/phased_haplotypes_v2/hgdp1kgp_chr16.filtered.SNV_INDEL.phased.shapeit5.bcf
       58723  resources/hgdp_1kg/phased_haplotypes_v2/hgdp1kgp_chr16.filtered.SNV_INDEL.phased.shapeit5.bcf.csi
   545009006  resources/hgdp_1kg/phased_haplotypes_v2/hgdp1kgp_chr17.filtered.SNV_INDEL.phased.shapeit5.bcf
       58241  resources/hgdp_1kg/phased_haplotypes_v2/hgdp1kgp_chr17.filtered.SNV_INDEL.phased.shapeit5.bcf.csi
   536954572  resources/hgdp_1kg/phased_haplotypes_v2/hgdp1kgp_chr18.filtered.SNV_INDEL.phased.shapeit5.bcf
       55034  resources/hgdp_1kg/phased_haplotypes_v2/hgdp1kgp_chr18.filtered.SNV_INDEL.phased.shapeit5.bcf.csi
   457215730  resources/hgdp_1kg/phased_haplotypes_v2/hgdp1kgp_chr19.filtered.SNV_INDEL.phased.shapeit5.bcf
       41533  resources/hgdp_1kg/phased_haplotypes_v2/hgdp1kgp_chr19.filtered.SNV_INDEL.phased.shapeit5.bcf.csi
  1602060604  resources/hgdp_1kg/phased_haplotypes_v2/hgdp1kgp_chr2.filtered.SNV_INDEL.phased.shapeit5.bcf
      177212  resources/hgdp_1kg/phased_haplotypes_v2/hgdp1kgp_chr2.filtered.SNV_INDEL.phased.shapeit5.bcf.csi
   426526122  resources/hgdp_1kg/phased_haplotypes_v2/hgdp1kgp_chr20.filtered.SNV_INDEL.phased.shapeit5.bcf
       44791  resources/hgdp_1kg/phased_haplotypes_v2/hgdp1kgp_chr20.filtered.SNV_INDEL.phased.shapeit5.bcf.csi
   269957263  resources/hgdp_1kg/phased_haplotypes_v2/hgdp1kgp_chr21.filtered.SNV_INDEL.phased.shapeit5.bcf
       26498  resources/hgdp_1kg/phased_haplotypes_v2/hgdp1kgp_chr21.filtered.SNV_INDEL.phased.shapeit5.bcf.csi
   278689536  resources/hgdp_1kg/phased_haplotypes_v2/hgdp1kgp_chr22.filtered.SNV_INDEL.phased.shapeit5.bcf
       27252  resources/hgdp_1kg/phased_haplotypes_v2/hgdp1kgp_chr22.filtered.SNV_INDEL.phased.shapeit5.bcf.csi
  1354684323  resources/hgdp_1kg/phased_haplotypes_v2/hgdp1kgp_chr3.filtered.SNV_INDEL.phased.shapeit5.bcf
      145428  resources/hgdp_1kg/phased_haplotypes_v2/hgdp1kgp_chr3.filtered.SNV_INDEL.phased.shapeit5.bcf.csi
  1363835896  resources/hgdp_1kg/phased_haplotypes_v2/hgdp1kgp_chr4.filtered.SNV_INDEL.phased.shapeit5.bcf
      137508  resources/hgdp_1kg/phased_haplotypes_v2/hgdp1kgp_chr4.filtered.SNV_INDEL.phased.shapeit5.bcf.csi
  1228150180  resources/hgdp_1kg/phased_haplotypes_v2/hgdp1kgp_chr5.filtered.SNV_INDEL.phased.shapeit5.bcf
      130294  resources/hgdp_1kg/phased_haplotypes_v2/hgdp1kgp_chr5.filtered.SNV_INDEL.phased.shapeit5.bcf.csi
  1221841336  resources/hgdp_1kg/phased_haplotypes_v2/hgdp1kgp_chr6.filtered.SNV_INDEL.phased.shapeit5.bcf
      125545  resources/hgdp_1kg/phased_haplotypes_v2/hgdp1kgp_chr6.filtered.SNV_INDEL.phased.shapeit5.bcf.csi
  1126896038  resources/hgdp_1kg/phased_haplotypes_v2/hgdp1kgp_chr7.filtered.SNV_INDEL.phased.shapeit5.bcf
      115582  resources/hgdp_1kg/phased_haplotypes_v2/hgdp1kgp_chr7.filtered.SNV_INDEL.phased.shapeit5.bcf.csi
  1049343171  resources/hgdp_1kg/phased_haplotypes_v2/hgdp1kgp_chr8.filtered.SNV_INDEL.phased.shapeit5.bcf
      103932  resources/hgdp_1kg/phased_haplotypes_v2/hgdp1kgp_chr8.filtered.SNV_INDEL.phased.shapeit5.bcf.csi
   844070006  resources/hgdp_1kg/phased_haplotypes_v2/hgdp1kgp_chr9.filtered.SNV_INDEL.phased.shapeit5.bcf
       87170  resources/hgdp_1kg/phased_haplotypes_v2/hgdp1kgp_chr9.filtered.SNV_INDEL.phased.shapeit5.bcf.csi
   974955175  resources/hgdp_1kg/phased_haplotypes_v2/hgdp1kgp_chrX_non_par.full.shapeit5_rare.bcf
      106751  resources/hgdp_1kg/phased_haplotypes_v2/hgdp1kgp_chrX_non_par.full.shapeit5_rare.bcf.csi
    23611448  resources/hgdp_1kg/phased_haplotypes_v2/hgdp1kgp_chrX_par1.shapeit5_common.bcf
        1856  resources/hgdp_1kg/phased_haplotypes_v2/hgdp1kgp_chrX_par1.shapeit5_common.bcf.csi

=== 1f. Download v2 README for context ===
The difference between hgdp_1kg and hgdp_1kg_v2:
- Removed two contaminated samples, HGDP01371 (EUR) and LP6005441-DNA_A09 (EAS), identified using CHARR (a new contamination estimator) 
- Updated the following population labels according to Bergstrom et al. 2020 paper:
	- MbutiPygmy -> Mbuti
	- BiakaPygmy -> Biaka
	- Melanesian -> Bougainville
	- Italian -> BergamoItalian
	- Han split into Han and NorthernHan with new latitude and longitude coordinates
	- Papuan split into PapuanSepik and PapuanHighlands with new latitude and longitude coordinates
	- Mongola -> Mongolian and updated latitude and longitude coordinates
- Removed gnomAD's QC sample, CHMI_CHMI3_WGS2, at the beginning instead of with PCA outliers 
- Filtered variants so that we are only keeping variants that are found in the samples left behind after sample filtering 
- Estimated kinship using KING-robust (hl.king in Hail) instead of PC-relate for identifying unrelated and related sets before running PCA 
- Added phased X chromosome haplotypes for PAR1, PAR2, and non-PAR regions
- Removed SV data summaries from post qc summaries table (post_qc_summary.tsv) 
=== 1g. Look at pca release directory ===
release/3.1/secondary_analyses/genomic_constraint/
release/3.1/secondary_analyses/genomic_constraint/constraint_z_enh_gene_roadmaplinks.all.download.txt.gz
release/3.1/secondary_analyses/genomic_constraint/constraint_z_genome_1kb.qc.download.txt.gz
release/3.1/secondary_analyses/genomic_constraint/constraint_z_genome_1kb.raw.download.txt.gz
release/3.1/secondary_analyses/genomic_constraint/nc_constraint_gnomad_v31_README.docx
release/3.1/secondary_analyses/hgdp_1kg/data_intersection/gambian_genomes_merged_gvcfs.mt/README.txt
release/3.1/secondary_analyses/hgdp_1kg/data_intersection/gambian_genomes_merged_gvcfs.mt/_SUCCESS
release/3.1/secondary_analyses/hgdp_1kg/data_intersection/gambian_genomes_merged_gvcfs.mt/cols/_SUCCESS
release/3.1/secondary_analyses/hgdp_1kg/data_intersection/gambian_genomes_merged_gvcfs.mt/cols/metadata.json.gz
release/3.1/secondary_analyses/hgdp_1kg/data_intersection/gambian_genomes_merged_gvcfs.mt/cols/rows/metadata.json.gz
release/3.1/secondary_analyses/hgdp_1kg/data_intersection/gambian_genomes_merged_gvcfs.mt/cols/rows/parts/part-0
release/3.1/secondary_analyses/hgdp_1kg/data_intersection/gambian_genomes_merged_gvcfs.mt/entries/_SUCCESS
release/3.1/secondary_analyses/hgdp_1kg/data_intersection/gambian_genomes_merged_gvcfs.mt/entries/metadata.json.gz
release/3.1/secondary_analyses/hgdp_1kg/data_intersection/gambian_genomes_merged_gvcfs.mt/entries/rows/metadata.json.gz
release/3.1/secondary_analyses/hgdp_1kg/data_intersection/gambian_genomes_merged_gvcfs.mt/entries/rows/parts/part-00000-4-0-0-c5ecdf0a-e5cf-c022-ada6-3ebb1847adeb
release/3.1/secondary_analyses/hgdp_1kg/data_intersection/gambian_genomes_merged_gvcfs.mt/entries/rows/parts/part-00001-4-1-0-b5f36888-0f2f-fb3b-14d2-0b0b0476a347
release/3.1/secondary_analyses/hgdp_1kg/data_intersection/gambian_genomes_merged_gvcfs.mt/entries/rows/parts/part-00002-4-2-0-8291927c-aaa8-b138-9646-d604949db123
release/3.1/secondary_analyses/hgdp_1kg/data_intersection/gambian_genomes_merged_gvcfs.mt/entries/rows/parts/part-00003-4-3-0-9bfc9cd0-def5-d780-7ac2-2888a10184cc
release/3.1/secondary_analyses/hgdp_1kg/data_intersection/gambian_genomes_merged_gvcfs.mt/entries/rows/parts/part-00004-4-4-0-98d0cc06-dba9-d916-8566-dd9ef58aa328
release/3.1/secondary_analyses/hgdp_1kg/data_intersection/gambian_genomes_merged_gvcfs.mt/entries/rows/parts/part-00005-4-5-0-efb44e05-0b16-62d8-e617-05d99e392b22
release/3.1/secondary_analyses/hgdp_1kg/data_intersection/gambian_genomes_merged_gvcfs.mt/entries/rows/parts/part-00006-4-6-0-3924162e-af97-9ab4-c08d-57bcdfe7a822
release/3.1/secondary_analyses/hgdp_1kg/data_intersection/gambian_genomes_merged_gvcfs.mt/entries/rows/parts/part-00007-4-7-0-ab1f8b21-696b-4981-7739-45737756e79b
release/3.1/secondary_analyses/hgdp_1kg/data_intersection/gambian_genomes_merged_gvcfs.mt/entries/rows/parts/part-00008-4-8-0-b31783f3-215f-2393-4c7e-e088f38616ad
release/3.1/secondary_analyses/hgdp_1kg/data_intersection/gambian_genomes_merged_gvcfs.mt/entries/rows/parts/part-00009-4-9-0-85e95f81-e31d-de5e-6fea-8b44b00df57b
release/3.1/secondary_analyses/hgdp_1kg/data_intersection/gambian_genomes_merged_gvcfs.mt/entries/rows/parts/part-00010-4-10-0-5fb72aea-efe6-1845-ce7c-482ae53f27b3
release/3.1/secondary_analyses/hgdp_1kg/data_intersection/gambian_genomes_merged_gvcfs.mt/entries/rows/parts/part-00011-4-11-0-776139a3-35d0-4bbe-d613-528ecef4aea1
release/3.1/secondary_analyses/hgdp_1kg/data_intersection/gambian_genomes_merged_gvcfs.mt/entries/rows/parts/part-00012-4-12-0-ad797f49-01f6-a407-e9aa-d581316c6c52
release/3.1/secondary_analyses/hgdp_1kg/data_intersection/gambian_genomes_merged_gvcfs.mt/entries/rows/parts/part-00013-4-13-0-e03388ac-31ad-5485-0329-d6e6cb7ee98e
release/3.1/secondary_analyses/hgdp_1kg/data_intersection/gambian_genomes_merged_gvcfs.mt/entries/rows/parts/part-00014-4-14-0-0d3114d8-8b72-447e-82d9-ce88e1580396
release/3.1/secondary_analyses/hgdp_1kg/data_intersection/gambian_genomes_merged_gvcfs.mt/entries/rows/parts/part-00015-4-15-0-ccb40d49-b393-ba46-bf07-660285ba61d4
release/3.1/secondary_analyses/hgdp_1kg/data_intersection/gambian_genomes_merged_gvcfs.mt/entries/rows/parts/part-00016-4-16-0-cb485c55-48c7-5734-550b-8e697feb7125
release/3.1/secondary_analyses/hgdp_1kg/data_intersection/gambian_genomes_merged_gvcfs.mt/entries/rows/parts/part-00017-4-17-0-69f99ea1-2e83-3c76-eb60-287b170ecbb7
release/3.1/secondary_analyses/hgdp_1kg/data_intersection/gambian_genomes_merged_gvcfs.mt/entries/rows/parts/part-00018-4-18-0-11e35e64-75b9-8b80-7a2f-af26a5182632
release/3.1/secondary_analyses/hgdp_1kg/data_intersection/gambian_genomes_merged_gvcfs.mt/entries/rows/parts/part-00019-4-19-0-35d57e13-ce25-85ca-eafb-401f0ebe6455
release/3.1/secondary_analyses/hgdp_1kg/data_intersection/gambian_genomes_merged_gvcfs.mt/entries/rows/parts/part-00020-4-20-0-63c125d4-9033-7c01-a553-7e40c89fbac5
release/3.1/secondary_analyses/hgdp_1kg/data_intersection/gambian_genomes_merged_gvcfs.mt/entries/rows/parts/part-00021-4-21-0-cb524e8c-b08b-5f51-59f2-e50f963adcb4
release/3.1/secondary_analyses/hgdp_1kg/data_intersection/gambian_genomes_merged_gvcfs.mt/entries/rows/parts/part-00022-4-22-0-8911bd51-e800-000f-4f63-51ea76e40fe7
release/3.1/secondary_analyses/hgdp_1kg/data_intersection/gambian_genomes_merged_gvcfs.mt/entries/rows/parts/part-00023-4-23-0-bfef6ce5-e2b0-d3cf-6701-15ba236628f8
release/3.1/secondary_analyses/hgdp_1kg/data_intersection/gambian_genomes_merged_gvcfs.mt/entries/rows/parts/part-00024-4-24-0-3f09151f-649e-8d58-3c6f-c51c4bf0c88b
release/3.1/secondary_analyses/hgdp_1kg/data_intersection/gambian_genomes_merged_gvcfs.mt/entries/rows/parts/part-00025-4-25-0-a43e166e-b612-f62d-35b3-6a33728b71c0
=== 1h. Metadata hunt — look for metadata_and_qc / sample_meta.tsv ===
release/3.1/secondary_analyses/hgdp_1kg/metadata_and_qc/gnomad_meta_v1.tsv
release/3.1/secondary_analyses/hgdp_1kg/metadata_and_qc/post_qc_summary.tsv
---
=== 2. HEAD for gnomad_meta_v1.tsv ===
HTTP/2 200 
content-type: text/tab-separated-values
x-guploader-uploadid: AMNfjG2pQ0FIrnFYuW4r36n61RW7wvWbX9d3TSVkmkp34ojEroucmAm0bNin0fHq3Q4z3GkTCemhJXc
expires: Sun, 12 Apr 2026 03:55:35 GMT
date: Sun, 12 Apr 2026 02:55:35 GMT
cache-control: public, max-age=3600
last-modified: Thu, 16 Feb 2023 00:08:53 GMT
etag: "c048408444fa4a4d3c91422d2f314f6e"
x-goog-generation: 1676506133271022
x-goog-metageneration: 1
=== 3. Download metadata TSV ===
size: 5.7M
lines: 4151
--- header ---
s
project_meta.sample_id
project_meta.research_project_key
project_meta.seq_project
project_meta.ccdg_alternate_sample_id
project_meta.ccdg_gender
project_meta.ccdg_center
project_meta.ccdg_study
project_meta.cram_path
project_meta.project_id
project_meta.v2_age
project_meta.v2_sex
project_meta.v2_hard_filters
project_meta.v2_perm_filters
project_meta.v2_pop_platform_filters
project_meta.v2_related
project_meta.v2_data_type
project_meta.v2_product
project_meta.v2_product_simplified
project_meta.v2_qc_platform
project_meta.v2_project_id
project_meta.v2_project_description
project_meta.v2_internal
project_meta.v2_investigator
project_meta.v2_known_pop
project_meta.v2_known_subpop
project_meta.v2_pop
project_meta.v2_subpop
project_meta.v2_neuro
project_meta.v2_control
project_meta.v2_topmed
project_meta.v2_high_quality
project_meta.v2_release
project_meta.v2_pcr_free
project_meta.v2_project_name
project_meta.v2_release_2_0_2
project_meta.project_ancestry
project_meta.project_pop
project_meta.project_subpop
project_meta.pdo_owner
=== 4. Find genetic_region column ===
15:project_meta.v2_pop_platform_filters
25:project_meta.v2_known_pop
26:project_meta.v2_known_subpop
27:project_meta.v2_pop
28:project_meta.v2_subpop
37:project_meta.project_ancestry
38:project_meta.project_pop
39:project_meta.project_subpop
53:project_meta.subpop_description
116:population_inference.training_pop
117:population_inference.pca_scores
118:population_inference.pop
119:population_inference.prob_afr
120:population_inference.prob_ami
121:population_inference.prob_amr
122:population_inference.prob_asj
123:population_inference.prob_eas
124:population_inference.prob_fin
125:population_inference.prob_mid
126:population_inference.prob_nfe
127:population_inference.prob_oth
128:population_inference.prob_sas
129:population_inference.training_pop_all
166:bergstrom.region
175:hgdp_tgp_meta.Study.region
176:hgdp_tgp_meta.Population
177:hgdp_tgp_meta.Genetic.region
183:hgdp_tgp_meta.Pop.colors
184:hgdp_tgp_meta.Pop.shapes

=== 5. Sample-size check + AFR count ===
Traceback (most recent call last):
  File "<string>", line 2, in <module>
ModuleNotFoundError: No module named 'pandas'
=== 5 (rerun). AFR count via smoke_dev python ===
TOTAL_ROWS: 4150
REG_COL: hgdp_tgp_meta.Genetic.region
VALS: ['AFR', 'AMR', 'CSA', 'EAS', 'EUR', 'MID', 'OCE']
COUNTS:
hgdp_tgp_meta.Genetic.region
AFR    1003
EAS     825
CSA     790
EUR     788
AMR     552
MID     162
OCE      30
AFR_N: 1003
SAMPLE_PREFIX_EXAMPLES: ['HGDP00450', 'HGDP00452', 'HGDP00453', 'HGDP00454', 'HGDP00455', 'HGDP00458', 'HGDP00459', 'HGDP00460', 'HGDP00462', 'HGDP00463']
--- also check bergstrom.region ---
bergstrom.region counts:
bergstrom.region
NaN                   3229
EAST_ASIA              221
CENTRAL_SOUTH_ASIA     197
MIDDLE_EAST            161
EUROPE                 153
AFRICA                 101
AMERICA                 60
OCEANIA                 28
AFR via bergstrom: 0
=== 6. Distinct sample-id prefixes for AFR ===
AFR prefixes:
s
HG      542
NA      351
HGDP     88
LP       18
SS        4
--- sample-id examples per prefix ---
  HG: ['HGDP00450', 'HGDP00452', 'HGDP00453']
  NA: ['NA18484', 'NA18485', 'NA18486']
  HGDP: ['HGDP00450', 'HGDP00452', 'HGDP00453']
  LP: ['LP6005441-DNA_A08', 'LP6005441-DNA_A11', 'LP6005441-DNA_B02']
  SS: ['SS6004470', 'SS6004471', 'SS6004473']
=== 7. chr22 BCF HEAD + HTTPS streaming via bcftools ===
HTTP/2 200 
content-type: application/octet-stream
x-guploader-uploadid: AMNfjG3XdHV48duwhasdWav0rEiOgtUJ2iUZ0HJjJlTUYMBPgFXUXuc8xheVwRr-CN38ifc
expires: Sun, 12 Apr 2026 03:56:26 GMT
date: Sun, 12 Apr 2026 02:56:26 GMT
cache-control: public, max-age=3600
last-modified: Tue, 08 Aug 2023 00:00:39 GMT
etag: "-CNb5g+3gy4ADEAE="
--- bcftools version ---
bcftools 1.3.1
Using htslib 1.3.1
Copyright (C) 2016 Genome Research Ltd.
--- bcftools view -h (header only) remote stream test ---
[E::hts_open_format] fail to open file 'https://storage.googleapis.com/gcp-public-data--gnomad/resources/hgdp_1kg/phased_haplotypes_v2/hgdp1kgp_chr22.filtered.SNV_INDEL.phased.shapeit5.bcf'
Failed to open https://storage.googleapis.com/gcp-public-data--gnomad/resources/hgdp_1kg/phased_haplotypes_v2/hgdp1kgp_chr22.filtered.SNV_INDEL.phased.shapeit5.bcf: Protocol not supported
--- last header line samples count (first 20 sample ids) ---
[E::hts_open_format] fail to open file 'https://storage.googleapis.com/gcp-public-data--gnomad/resources/hgdp_1kg/phased_haplotypes_v2/hgdp1kgp_chr22.filtered.SNV_INDEL.phased.shapeit5.bcf'
Failed to open https://storage.googleapis.com/gcp-public-data--gnomad/resources/hgdp_1kg/phased_haplotypes_v2/hgdp1kgp_chr22.filtered.SNV_INDEL.phased.shapeit5.bcf: Protocol not supported
--- total sample count in BCF ---
0
=== 7b. Retry with bcftools 1.22 (HTTPS-capable htslib) ===
bcftools 1.22
Using htslib 1.22.1
Copyright (C) 2025 Genome Research Ltd.
--- query -l (sample count from remote BCF header) ---
LP6005441-DNA_F08
HGDP00843
HGDP00392
LP6005441-DNA_H03
HGDP00544
--- total samples ---
4091
=== 8. Reconcile AFR sample list against BCF header ===
AFR_in_metadata: 1003
BCF_total: 4091
AFR_present_in_BCF: 986
AFR_missing_from_BCF: 17
Missing examples: ['HG01880', 'HG01881', 'HG02869', 'HG03250', 'HG03456', 'HG03511', 'HGDP00452', 'HGDP00472', 'LP6005441-DNA_G02', 'NA18864']
Any prefix mismatch?
  pref = '' works
=== 9. Region slice test: chr22:16050000-16100000 (50 kb HTTPS stream) ===
--- detect contig naming ---
##contig=<ID=chr22>
--- try chr22: form ---
chr22	16050005	.	C	T	.	.	AC=2;AN=8182	GT:PP	0|0:.	0|0:.	0|0:.	0|0:.	0|0:.	0|0:.	0|0:.	0|0:.	0|0:.	0|0:.	0|0:.	0|0:.	0|0:.	0|0:.	0|0:.	0|0:.	0|0:.	0|0:.	0|0:.	0|0:.	0|0:.	0|0:.	0|0:.	0|0:.	0|0:.	0|0:.	0|0:.	0|0:.	0|0:.	0|0:.	0|0:.	0|0:.	0|0:.	0|0:.	0|0:.	0|0:.	0|0:.	0|0:.	0|0:.	0|0:.	0|0:.	0|0:.	0|0:.	0|0:.	0|0:.	0|0:.	0|0:.	0|0:.	0|0:.	0|0:.	0|0:.	0|0:.	0|0:.	0|0:.	0|0:.	0|0:.	0|0:.	0|0:.	0|0:.	0|0:.	0|0:.	0|0:.	0|0:.	0|0:.	0|0:.	0|0:.	0|0:.	0|0:.	0|0:.	0|0:.	0|0:.	0|0:.	0|0:.	0|0:.	0|0:.	0|0:.	0|0:.	0|0:.	0|0:.	0|0:.	0|0:.	0|0:.	0|0:.	0|0:.	0|0:.	0|0:.	0|0:.	0|0:.	0|0:.	0|0:.	0|0:.	0|0:.	0|0:.	0|0:.	0|0:.	0|0:.	0|0:.	0|0:.	0|0:.	0|0:.	0|0:.	0|0:.	0|0:.	0|0:.	0|0:.	0|0:.	0|0:.	0|0:.	0|0:.	0|0:.	0|0:.	0|0:.	0|0:.	0|0:.	0|0:.	0|0:.	0|0:.	0|0:.	0|0:.	0|0:.	0|0:.	0|0:.	0|0:.	0|0:.	0|0:.	0|0:.	0|0:.	0|0:.	0|0:.	0|0:.	0|0:.	0|0:.	0|0:.	0|0:.	0|0:.	0|0:.	0|0:.	0|0:.	0|0:.	0|0:.	0|0:.	0|0:.	0|0:.	0|0:.	0|0:.	0|0:.	0|0:.	0|0:.	0|0:.	0|0:.	0|0:.	0|0:.	0|0:.	0|0:.	0|0:.	0|0:.	0|0:.	0|0:.	0|0:.	0|0:.	0|0:.	0|0:.	0|0:.	0|0:.	0|0:.	0|0:.	0|0:.	0|0:.	0|0:.	0|0:.	0|0:.	0|0:.	0|0:.	0|0:.	0|0:.	0|0:.	0|0:.	0|0:.	0|0:.	0|0:.	0|0:.	0|0:.	0|0:.	0|0:.	0|0:.	0|0:.	0|0:.	0|0:.	0|0:.	0|0:.	0|0:.	0|0:.	0|0:.	0|0:.	0|0:.	0|0:.	0|0:.	0|0:.	0|0:.	0|0:.	0|0:.	0|0:.	0|0:.	0|0:.	0|0:.	0|0:.	0|0:.	0|0:.	0|0:.	0|0:.	0|0:.	0|0:.	0|0:.	0|0:.	0|0:.	0|0:.	0|0:.	0|0:.	0|0:.	0|0:.	0|0:.	0|0:.	0|0:.	0|0:.	0|0:.	0|0:.	0|0:.	0|0:.	0|0:.	0|0:.	0|0:.	0|0:.	0|0:.	0|0:.	0|0:.	0|0:.	0|0:.	0|0:.	0|0:.	0|0:.	0|0:.	0|0:.	0|0:.	0|0:.	0|0:.	0|0:.	0|0:.	0|0:.	0|0:.	0|0:.	0|0:.	0|0:.	0|0:.	0|0:.	0|0:.	0|0:.	0|0:.	0|0:.	0|0:.	0|0:.	0|0:.	0|0:.	0|0:.	0|0:.	0|0:.	0|0:.	0|0:.	0|0:.	0|0:.	0|0:.	0|0:.	0|0:.	0|0:.	0|0:.	0|0:.	0|0:.	0|0:.	0|0:.	0|0:.	0|0:.	0|0:.	0|0:.	0|0:.	0|0:.	0|0:.	0|0:.	0|0:.	0|0:.	0|0:.	0|0:.	0|0:.	0|0:.	0|0:.	0|0:.	0|0:.	0|0:.	0|0:.	0|0:.	0|0:.	0|0:.	0|0:.	0|0:.	0|0:.	0|0:.	0|0:.	0|0:.	0|0:.	0|0:.	0|0:.	0|0:.	0|0:.	0|0:.	0|0:.	0|0:.	0|0:.	0|0:.	0|0:.	0|0:.	0|0:.	0|0:.	0|0:.	0|0:.	0|0:.	0|0:.	0|0:.	0|0:.	0|0:.	0|0:.	0|0:.	0|0:.	0|0:.	0|0:.	0|0:.	0|0:.	0|0:.	0|0:.	0|0:.	0|0:.	0|0:.	0|0:.	0|0:.	0|0:.	0|0:.	0|0:.	0|0:.	0|0:.	0|0:.	0|0:.	0|0:.	0|0:.	0|0:.	0|0:.	0|0:.	0|0:.	0|0:.	0|0:.	0|0:.	0|0:.	0|0:.	0|0:.	0|0:.	0|0:.	0|0:.	0|0:.	0|0:.	0|0:.	0|0:.	0|0:.	0|0:.	0|0:.	0|0:.	0|0:.	0|0:.	0|0:.	0|0:.	0|0:.	0|0:.	0|0:.	0|0:.	0|0:.	0|0:.	0|0:.	0|0:.	0|0:.	0|0:.	0|0:.	0|0:.	0|0:.	0|0:.	0|0:.	0|0:.	0|0:.	0|0:.	0|0:.	0|0:.	0|0:.	0|0:.	0|0:.	0|0:.	0|0:.	0|0:.	0|0:.	0|0:.	0|0:.	0|0:.	0|0:.	0|0:.	0|0:.	0|0:.	0|0:.	0|0:.	0|0:.	0|0:.	0|0:.	0|0:.	0|0:.	0|0:.	0|0:.	0|0:.	0|0:.	0|0:.	0|0:.	0|0:.	0|0:.	0|0:.	0|0:.	0|0:.	0|0:.	0|0:.	0|0:.	0|0:.	0|0:.	0|0:.	0|0:.	0|0:.	0|0:.	0|0:.	0|0:.	0|0:.	0|0:.	0|0:.	0|0:.	0|0:.	0|0:.	0|0:.	0|0:.	0|0:.	0|0:.	0|0:.	0|0:.	0|0:.	0|0:.	0|0:.	0|0:.	0|0:.	0|0:.	0|0:.	0|0:.	0|0:.	0|0:.	0|0:.	0|0:.	0|0:.	0|0:.	0|0:.	0|0:.	0|0:.	0|0:.	0|0:.	0|0:.	0|0:.	0|0:.	0|0:.	0|0:.	0|0:.	0|0:.	0|0:.	0|0:.	0|0:.	0|0:.	0|0:.	0|0:.	0|0:.	0|0:.	0|0:.	0|0:.	0|0:.	0|0:.	0|0:.	0|0:.	0|0:.	0|0:.	0|0:.	0|0:.	0|0:.	0|0:.	0|0:.	0|0:.	0|0:.	0|0:.	0|0:.	0|0:.	0|0:.	0|0:.	0|0:.	0|0:.	0|0:.	0|0:.	0|0:.	0|0:.	0|0:.	0|0:.	0|0:.	0|0:.	0|0:.	0|0:.	0|0:.	0|0:.	0|0:.	0|0:.	0|0:.	0|0:.	0|0:.	0|0:.	0|0:.	0|0:.	0|0:.	0|0:.	0|0:.	0|0:.	0|0:.	0|0:.	0|0:.	0|0:.	0|0:.	0|0:.	0|0:.	0|0:.	0|0:.	0|0:.	0|0:.	0|0:.	0|0:.	0|0:.	0|0:.	0|0:.	0|0:.	0|0:.	0|0:.	0|0:.	0|0:.	0|0:.	0|0:.	0|0:.	0|0:.	0|0:.	0|0:.	0|0:.	0|0:.	0|0:.	0|0:.	0|0:.	0|0:.	0|0:.	0|0:.	0|0:.	0|0:.	0|0:.	0|0:.	0|0:.	0|0:.	0|0:.	0|0:.	0|0:.	0|0:.	0|0:.	0|0:.	0|0:.	0|0:.	0|0:.	0|0:.	0|0:.	0|0:.	0|0:.	0|0:.	0|0:.	0|0:.	0|0:.	0|0:.	0|0:.	0|0:.	0|0:.	0|0:.	0|0:.	0|0:.	0|0:.	0|0:.	0|0:.	0|0:.	0|0:.	0|0:.	0|0:.	0|0:.	0|0:.	0|0:.	0|0:.	0|0:.	0|0:.	0|0:.	0|0:.	0|0:.	0|0:.	0|0:.	0|0:.	0|0:.	0|0:.	0|0:.	0|0:.	0|0:.	0|0:.	0|0:.	0|0:.	0|0:.	0|0:.	0|0:.	0|0:.	0|0:.	0|0:.	0|0:.	0|0:.	0|0:.	0|0:.	0|0:.	0|0:.	0|0:.	0|0:.	0|0:.	0|0:.	0|0:.	0|0:.	0|0:.	0|0:.	0|0:.	0|0:.	0|0:.	0|0:.	0|0:.	0|0:.	0|0:.	0|0:.	0|0:.	0|0:.	0|0:.	0|0:.	0|0:.	0|0:.	0|0:.	0|0:.	0|0:.	0|0:.	0|0:.	0|0:.	0|0:.	0|0:.	0|0:.	0|0:.	0|0:.	0|0:.	0|0:.	0|0:.	0|0:.	0|0:.	0|0:.	0|0:.	0|0:.	0|0:.	0|0:.	0|0:.	0|0:.	0|0:.	0|0:.	0|0:.	0|0:.	0|0:.	0|0:.	0|0:.	0|0:.	0|0:.	0|0:.	0|0:.	0|0:.	0|0:.	0|0:.	0|0:.	0|0:.	0|0:.	0|0:.	0|0:.	0|0:.	0|0:.	0|0:.	0|0:.	0|0:.	0|0:.	0|0:.	0|0:.	0|0:.	0|0:.	0|0:.	0|0:.	0|0:.	0|0:.	0|0:.	0|0:.	0|0:.	0|0:.	0|0:.	0|0:.	0|0:.	0|0:.	0|0:.	0|0:.	0|0:.	0|0:.	0|0:.	0|0:.	0|0:.	0|0:.	0|0:.	0|0:.	0|0:.	0|0:.	0|0:.	0|0:.	0|0:.	0|0:.	0|0:.	0|0:.	0|0:.	0|0:.	0|0:.	0|0:.	0|0:.	0|0:.	0|0:.	0|0:.	0|0:.	0|0:.	0|0:.	0|0:.	0|0:.	0|0:.	0|0:.	0|0:.	0|0:.	0|0:.	0|0:.	0|0:.	0|0:.	0|0:.	0|0:.	0|0:.	0|0:.	0|0:.	0|0:.	0|0:.	0|0:.	0|0:.	0|0:.	0|0:.	0|0:.	0|0:.	0|0:.	0|0:.	0|0:.	0|0:.	0|0:.	0|0:.	0|0:.	0|0:.	0|0:.	0|0:.	0|0:.	0|0:.	0|0:.	0|0:.	0|0:.	0|0:.	0|0:.	0|0:.	0|0:.	0|0:.	0|0:.	0|0:.	0|0:.	0|0:.	0|0:.	0|0:.	0|0:.	0|0:.	0|0:.	0|0:.	0|0:.	0|0:.	0|0:.	0|0:.	0|0:.	0|0:.	0|0:.	0|0:.	0|0:.	0|0:.	0|0:.	0|0:.	0|0:.	0|0:.	0|0:.	0|0:.	0|0:.	0|0:.	0|0:.	0|0:.	0|0:.	0|0:.	0|0:.	0|0:.	0|0:.	0|0:.	0|0:.	0|0:.	0|0:.	0|0:.	0|0:.	0|0:.	0|0:.	0|0:.	0|0:.	0|0:.	0|0:.	0|0:.	0|0:.	0|0:.	0|0:.	0|0:.	0|0:.	0|0:.	0|0:.	0|0:.	0|0:.	0|0:.	0|0:.	0|0:.	0|0:.	0|0:.	0|0:.	0|0:.	0|0:.	0|0:.	0|0:.	0|0:.	0|0:.	0|0:.	0|0:.	0|0:.	0|0:.	0|0:.	0|0:.	0|0:.	0|0:.	0|0:.	0|0:.	0|0:.	0|0:.	0|0:.	0|0:.	0|0:.	0|0:.	0|0:.	0|0:.	0|0:.	0|0:.	0|0:.	0|0:.	0|0:.	0|0:.	0|0:.	0|0:.	0|0:.	0|0:.	0|0:.	0|0:.	0|0:.	0|0:.	0|0:.	0|0:.	0|0:.	0|0:.	0|0:.	0|0:.	0|0:.	0|0:.	0|0:.	0|0:.	0|0:.	0|0:.	0|0:.	0|0:.	0|0:.	0|0:.	0|0:.	0|0:.	0|0:.	0|0:.	0|0:.	0|0:.	0|0:.	0|0:.	0|0:.	0|0:.	0|0:.	0|0:.	0|0:.	0|0:.	0|0:.	0|0:.	0|0:.	0|0:.	0|0:.	0|0:.	0|0:.	0|0:.	0|0:.	0|0:.	0|0:.	0|0:.	0|0:.	0|0:.	0|0:.	0|0:.	0|0:.	0|0:.	0|0:.	0|0:.	0|0:.	0|0:.	0|0:.	0|0:.	0|0:.	0|0:.	0|0:.	0|0:.	0|0:.	0|0:.	0|0:.	0|0:.	0|0:.	0|0:.	0|0:.	0|0:.	0|0:.	0|0:.	0|0:.	0|0:.	0|0:.	0|0:.	0|0:.	0|0:.	0|0:.	0|0:.	0|0:.	0|0:.	0|0:.	0|0:.	0|0:.	0|0:.	0|0:.	0|0:.	0|0:.	0|0:.	0|0:.	0|0:.	0|0:.	0|0:.	0|0:.	0|0:.	0|0:.	0|0:.	0|0:.	0|0:.	0|0:.	0|0:.	0|0:.	0|0:.	0|0:.	0|0:.	0|0:.	0|0:.	0|0:.	0|0:.	0|0:.	0|0:.	0|0:.	0|0:.	0|0:.	0|0:.	0|0:.	0|0:.	0|0:.	0|0:.	0|0:.	0|0:.	0|0:.	0|0:.	0|0:.	0|0:.	0|0:.	0|0:.	0|0:.	0|0:.	0|0:.	0|0:.	0|0:.	0|0:.	0|0:.	0|0:.	0|0:.	0|0:.	0|0:.	0|0:.	0|0:.	0|0:.	0|0:.	0|0:.	0|0:.	0|0:.	0|0:.	0|0:.	0|0:.	0|0:.	0|0:.	0|0:.	0|0:.	0|0:.	0|0:.	0|0:.	0|0:.	0|0:.	0|0:.	0|0:.	0|0:.	0|0:.	0|0:.	0|0:.	0|0:.	0|0:.	0|0:.	0|0:.	0|0:.	0|0:.	0|0:.	0|0:.	0|0:.	0|0:.	0|0:.	0|0:.	0|0:.	0|0:.	0|0:.	0|0:.	0|0:.	0|0:.	0|0:.	0|0:.	0|0:.	0|0:.	0|0:.	0|0:.	0|0:.	0|0:.	0|0:.	0|0:.	0|0:.	0|0:.	0|0:.	0|0:.	0|0:.	0|0:.	0|0:.	0|0:.	0|0:.	0|0:.	0|0:.	0|0:.	0|0:.	0|0:.	0|0:.	0|0:.	0|0:.	0|0:.	0|0:.	0|0:.	0|0:.	0|0:.	0|0:.	0|0:.	0|0:.	0|0:.	0|0:.	0|0:.	0|0:.	0|0:.	0|0:.	0|0:.	0|0:.	0|0:.	0|0:.	0|0:.	0|0:.	0|0:.	0|0:.	0|0:.	0|0:.	0|0:.	0|0:.	0|0:.	0|0:.	0|0:.	0|0:.	0|0:.	0|0:.	0|0:.	0|0:.	0|0:.	0|0:.	0|0:.	0|0:.	0|0:.	0|0:.	0|0:.	0|0:.	0|0:.	0|0:.	0|0:.	0|0:.	0|0:.	0|0:.	0|0:.	0|0:.	0|0:.	0|0:.	0|0:.	0|0:.	0|0:.	0|0:.	0|0:.	0|0:.	0|0:.	0|0:.	0|0:.	0|0:.	0|0:.	0|0:.	0|0:.	0|0:.	0|0:.	0|0:.	0|0:.	0|0:.	0|0:.	0|0:.	0|0:.	0|0:.	0|0:.	0|0:.	0|0:.	0|0:.	0|0:.	0|0:.	0|0:.	0|0:.	0|0:.	0|0:.	0|0:.	0|0:.	0|0:.	0|0:.	0|0:.	0|0:.	0|0:.	0|0:.	0|0:.	0|0:.	0|0:.	0|0:.	0|0:.	0|0:.	0|0:.	0|0:.	0|0:.	0|0:.	0|0:.	0|0:.	0|0:.	0|0:.	0|0:.	0|0:.	0|0:.	0|0:.	0|0:.	0|0:.	0|0:.	0|0:.	0|0:.	0|0:.	0|0:.	0|0:.	0|0:.	0|0:.	0|0:.	0|0:.	0|0:.	0|0:.	0|0:.	0|0:.	0|0:.	0|0:.	0|0:.	0|0:.	0|0:.	0|0:.	0|0:.	0|0:.	0|0:.	0|0:.	0|0:.	0|0:.	0|0:.	0|0:.	0|0:.	0|0:.	0|0:.	0|0:.	0|0:.	0|0:.	0|0:.	0|0:.	0|0:.	0|0:.	0|0:.	0|0:.	0|0:.	0|0:.	0|0:.	0|0:.	0|0:.	0|0:.	0|0:.	0|0:.	0|0:.	0|0:.	0|0:.	0|0:.	0|0:.	0|0:.	0|0:.	0|0:.	0|0:.	0|0:.	0|0:.	0|0:.	0|0:.	0|0:.	0|0:.	0|0:.	0|0:.	0|0:.	0|0:.	0|0:.	0|0:.	0|0:.	0|0:.	0|0:.	0|0:.	0|0:.	0|0:.	0|0:.	0|0:.	0|0:.	0|0:.	0|0:.	0|0:.	0|0:.	0|0:.	0|0:.	0|0:.	0|0:.	0|0:.	0|0:.	0|0:.	0|0:.	0|0:.	0|0:.	0|0:.	0|0:.	0|0:.	0|0:.	0|0:.	0|0:.	0|0:.	0|0:.	0|0:.	0|0:.	0|0:.	0|0:.	0|0:.	0|0:.	0|0:.	0|0:.	0|0:.	0|0:.	0|0:.	0|0:.	0|0:.	0|0:.	0|0:.	0|0:.	0|0:.	0|0:.	0|0:.	0|0:.	0|0:.	0|0:.	0|0:.	0|0:.	0|0:.	0|0:.	0|0:.	0|0:.	0|0:.	0|0:.	0|0:.	0|0:.	0|0:.	0|0:.	0|0:.	0|0:.	0|0:.	0|0:.	0|0:.	0|0:.	0|0:.	0|0:.	0|0:.	0|0:.	0|0:.	0|0:.	0|0:.	0|0:.	0|0:.	0|0:.	0|0:.	0|0:.	0|0:.	0|0:.	0|0:.	0|0:.	0|0:.	0|0:.	0|0:.	0|0:.	0|0:.	0|0:.	0|0:.	0|0:.	0|0:.	0|0:.	0|0:.	0|0:.	0|0:.	0|0:.	0|0:.	0|0:.	0|0:.	0|0:.	0|0:.	0|0:.	0|0:.	0|0:.	0|0:.	0|0:.	0|0:.	0|0:.	0|0:.	0|0:.	0|0:.	0|0:.	0|0:.	0|0:.	0|0:.	0|0:.	0|0:.	0|0:.	0|0:.	0|0:.	0|0:.	0|0:.	0|0:.	0|0:.	0|0:.	0|0:.	0|0:.	0|0:.	0|0:.	0|0:.	0|0:.	0|0:.	0|0:.	0|0:.	0|0:.	0|0:.	0|0:.	0|0:.	0|0:.	0|0:.	0|0:.	0|0:.	0|0:.	0|0:.	0|0:.	0|0:.	0|0:.	0|0:.	0|0:.	0|0:.	0|0:.	0|0:.	0|0:.	0|0:.	0|0:.	0|0:.	0|0:.	0|0:.	0|0:.	0|0:.	0|0:.	0|0:.	0|0:.	0|0:.	0|0:.	0|0:.	0|0:.	0|0:.	0|0:.	0|0:.	0|0:.	0|0:.	0|0:.	0|0:.	0|0:.	0|0:.	0|0:.	0|0:.	0|0:.	0|0:.	0|0:.	0|0:.	0|0:.	0|0:.	0|0:.	0|0:.	0|0:.	0|0:.	0|0:.	0|0:.	0|0:.	0|0:.	0|0:.	0|0:.	0|0:.	0|0:.	0|0:.	0|0:.	0|0:.	0|0:.	0|0:.	0|0:.	0|0:.	0|0:.	0|0:.	0|0:.	0|0:.	0|0:.	0|0:.	0|0:.	0|0:.	0|0:.	0|0:.	0|0:.	0|0:.	0|0:.	0|0:.	0|0:.	0|0:.	0|0:.	0|0:.	0|0:.	0|0:.	0|0:.	0|0:.	0|0:.	0|0:.	0|0:.	0|0:.	0|0:.	0|0:.	0|0:.	0|0:.	0|0:.	0|0:.	0|0:.	0|0:.	0|0:.	0|0:.	0|0:.	0|0:.	0|0:.	0|0:.	0|0:.	0|0:.	0|0:.	0|0:.	0|0:.	0|0:.	0|0:.	0|0:.	0|0:.	0|0:.	0|0:.	0|0:.	1|0:1	0|0:.	0|0:.	0|0:.	0|0:.	0|0:.	0|0:.	0|0:.	0|0:.	0|0:.	0|0:.	0|0:.	0|0:.	0|0:.	0|0:.	0|0:.	0|0:.	0|0:.	0|0:.	0|0:.	0|0:.	0|0:.	0|0:.	0|0:.	0|0:.	0|0:.	0|0:.	0|0:.	0|0:.	0|0:.	0|0:.	0|0:.	0|0:.	0|0:.	0|0:.	0|0:.	0|0:.	0|0:.	0|0:.	0|0:.	0|0:.	0|0:.	0|0:.	0|0:.	0|0:.	0|0:.	0|0:.	0|0:.	0|0:.	0|0:.	0|0:.	0|0:.	0|0:.	0|0:.	0|0:.	0|0:.	0|0:.	0|0:.	0|0:.	0|0:.	0|0:.	0|0:.	0|0:.	0|0:.	0|0:.	0|0:.	0|0:.	0|0:.	0|0:.	0|0:.	0|0:.	0|0:.	0|0:.	0|0:.	0|0:.	0|0:.	0|0:.	0|0:.	0|0:.	0|0:.	0|0:.	0|0:.	0|0:.	0|0:.	0|0:.	0|0:.	0|0:.	0|0:.	0|0:.	0|0:.	0|0:.	0|0:.	0|0:.	0|0:.	0|0:.	0|0:.	0|0:.	0|0:.	0|0:.	0|0:.	0|0:.	0|0:.	0|0:.	0|0:.	0|0:.	0|0:.	0|0:.	0|0:.	0|0:.	0|0:.	0|0:.	0|0:.	0|0:.	0|0:.	0|0:.	0|0:.	0|0:.	0|0:.	0|0:.	0|0:.	0|0:.	0|0:.	0|0:.	0|0:.	0|0:.	0|0:.	0|0:.	0|0:.	0|0:.	0|0:.	0|0:.	0|0:.	0|0:.	0|0:.	0|0:.	0|0:.	0|0:.	0|0:.	0|0:.	0|0:.	0|0:.	0|0:.	0|0:.	0|0:.	0|0:.	0|0:.	0|0:.	0|0:.	0|0:.	0|0:.	0|0:.	0|0:.	0|0:.	0|0:.	0|0:.	0|0:.	0|0:.	0|0:.	0|0:.	0|0:.	0|0:.	0|0:.	0|0:.	0|0:.	0|0:.	0|0:.	0|0:.	0|0:.	0|0:.	0|0:.	0|0:.	0|0:.	0|0:.	0|0:.	0|0:.	0|0:.	0|0:.	0|0:.	0|0:.	0|0:.	0|0:.	0|0:.	0|0:.	0|0:.	0|0:.	0|0:.	0|0:.	0|0:.	0|0:.	0|0:.	0|0:.	0|0:.	0|0:.	0|0:.	0|0:.	0|0:.	0|0:.	0|0:.	0|0:.	0|0:.	0|0:.	0|0:.	0|0:.	0|0:.	0|0:.	0|0:.	0|0:.	0|0:.	0|0:.	0|0:.	0|0:.	0|0:.	0|0:.	0|0:.	0|0:.	0|0:.	0|0:.	0|0:.	0|0:.	0|0:.	0|0:.	0|0:.	0|0:.	0|0:.	0|0:.	0|0:.	0|0:.	0|0:.	0|0:.	0|1:1	0|0:.	0|0:.	0|0:.	0|0:.	0|0:.	0|0:.	0|0:.	0|0:.	0|0:.	0|0:.	0|0:.	0|0:.	0|0:.	0|0:.	0|0:.	0|0:.	0|0:.	0|0:.	0|0:.	0|0:.	0|0:.	0|0:.	0|0:.	0|0:.	0|0:.	0|0:.	0|0:.	0|0:.	0|0:.	0|0:.	0|0:.	0|0:.	0|0:.	0|0:.	0|0:.	0|0:.	0|0:.	0|0:.	0|0:.	0|0:.	0|0:.	0|0:.	0|0:.	0|0:.	0|0:.	0|0:.	0|0:.	0|0:.	0|0:.	0|0:.	0|0:.	0|0:.	0|0:.	0|0:.	0|0:.	0|0:.	0|0:.	0|0:.	0|0:.	0|0:.	0|0:.	0|0:.	0|0:.	0|0:.	0|0:.	0|0:.	0|0:.	0|0:.	0|0:.	0|0:.	0|0:.	0|0:.	0|0:.	0|0:.	0|0:.	0|0:.	0|0:.	0|0:.	0|0:.	0|0:.	0|0:.	0|0:.	0|0:.	0|0:.	0|0:.	0|0:.	0|0:.	0|0:.	0|0:.	0|0:.	0|0:.	0|0:.	0|0:.	0|0:.	0|0:.	0|0:.	0|0:.	0|0:.	0|0:.	0|0:.	0|0:.	0|0:.	0|0:.	0|0:.	0|0:.	0|0:.	0|0:.	0|0:.	0|0:.	0|0:.	0|0:.	0|0:.	0|0:.	0|0:.	0|0:.	0|0:.	0|0:.	0|0:.	0|0:.	0|0:.	0|0:.	0|0:.	0|0:.	0|0:.	0|0:.	0|0:.	0|0:.	0|0:.	0|0:.	0|0:.	0|0:.	0|0:.	0|0:.	0|0:.	0|0:.	0|0:.	0|0:.	0|0:.	0|0:.	0|0:.	0|0:.	0|0:.	0|0:.	0|0:.	0|0:.	0|0:.	0|0:.	0|0:.	0|0:.	0|0:.	0|0:.	0|0:.	0|0:.	0|0:.	0|0:.	0|0:.	0|0:.	0|0:.	0|0:.	0|0:.	0|0:.	0|0:.	0|0:.	0|0:.	0|0:.	0|0:.	0|0:.	0|0:.	0|0:.	0|0:.	0|0:.	0|0:.	0|0:.	0|0:.	0|0:.	0|0:.	0|0:.	0|0:.	0|0:.	0|0:.	0|0:.	0|0:.	0|0:.	0|0:.	0|0:.	0|0:.	0|0:.	0|0:.	0|0:.	0|0:.	0|0:.	0|0:.	0|0:.	0|0:.	0|0:.	0|0:.	0|0:.	0|0:.	0|0:.	0|0:.	0|0:.	0|0:.	0|0:.	0|0:.	0|0:.	0|0:.	0|0:.	0|0:.	0|0:.	0|0:.	0|0:.	0|0:.	0|0:.	0|0:.	0|0:.	0|0:.	0|0:.	0|0:.	0|0:.	0|0:.	0|0:.	0|0:.	0|0:.	0|0:.	0|0:.	0|0:.	0|0:.	0|0:.	0|0:.	0|0:.	0|0:.	0|0:.	0|0:.	0|0:.	0|0:.	0|0:.	0|0:.	0|0:.	0|0:.	0|0:.	0|0:.	0|0:.	0|0:.	0|0:.	0|0:.	0|0:.	0|0:.	0|0:.	0|0:.	0|0:.	0|0:.	0|0:.	0|0:.	0|0:.	0|0:.	0|0:.	0|0:.	0|0:.	0|0:.	0|0:.	0|0:.	0|0:.	0|0:.	0|0:.	0|0:.	0|0:.	0|0:.	0|0:.	0|0:.	0|0:.	0|0:.	0|0:.	0|0:.	0|0:.	0|0:.	0|0:.	0|0:.	0|0:.	0|0:.	0|0:.	0|0:.	0|0:.	0|0:.	0|0:.	0|0:.	0|0:.	0|0:.	0|0:.	0|0:.	0|0:.	0|0:.	0|0:.	0|0:.	0|0:.	0|0:.	0|0:.	0|0:.	0|0:.	0|0:.	0|0:.	0|0:.	0|0:.	0|0:.	0|0:.	0|0:.	0|0:.	0|0:.	0|0:.	0|0:.	0|0:.	0|0:.	0|0:.	0|0:.	0|0:.	0|0:.	0|0:.	0|0:.	0|0:.	0|0:.	0|0:.	0|0:.	0|0:.	0|0:.	0|0:.	0|0:.	0|0:.	0|0:.	0|0:.	0|0:.	0|0:.	0|0:.	0|0:.	0|0:.	0|0:.	0|0:.	0|0:.	0|0:.	0|0:.	0|0:.	0|0:.	0|0:.	0|0:.	0|0:.	0|0:.	0|0:.	0|0:.	0|0:.	0|0:.	0|0:.	0|0:.	0|0:.	0|0:.	0|0:.	0|0:.	0|0:.	0|0:.	0|0:.	0|0:.	0|0:.	0|0:.	0|0:.	0|0:.	0|0:.	0|0:.	0|0:.	0|0:.	0|0:.	0|0:.	0|0:.	0|0:.	0|0:.	0|0:.	0|0:.	0|0:.	0|0:.	0|0:.	0|0:.	0|0:.	0|0:.	0|0:.	0|0:.	0|0:.	0|0:.	0|0:.	0|0:.	0|0:.	0|0:.	0|0:.	0|0:.	0|0:.	0|0:.	0|0:.	0|0:.	0|0:.	0|0:.	0|0:.	0|0:.	0|0:.	0|0:.	0|0:.	0|0:.	0|0:.	0|0:.	0|0:.	0|0:.	0|0:.	0|0:.	0|0:.	0|0:.	0|0:.	0|0:.	0|0:.	0|0:.	0|0:.	0|0:.	0|0:.	0|0:.	0|0:.	0|0:.	0|0:.	0|0:.	0|0:.	0|0:.	0|0:.	0|0:.	0|0:.	0|0:.	0|0:.	0|0:.	0|0:.	0|0:.	0|0:.	0|0:.	0|0:.	0|0:.	0|0:.	0|0:.	0|0:.	0|0:.	0|0:.	0|0:.	0|0:.	0|0:.	0|0:.	0|0:.	0|0:.	0|0:.	0|0:.	0|0:.	0|0:.	0|0:.	0|0:.	0|0:.	0|0:.	0|0:.	0|0:.	0|0:.	0|0:.	0|0:.	0|0:.	0|0:.	0|0:.	0|0:.	0|0:.	0|0:.	0|0:.	0|0:.	0|0:.	0|0:.	0|0:.	0|0:.	0|0:.	0|0:.	0|0:.	0|0:.	0|0:.	0|0:.	0|0:.	0|0:.	0|0:.	0|0:.	0|0:.	0|0:.	0|0:.	0|0:.	0|0:.	0|0:.	0|0:.	0|0:.	0|0:.	0|0:.	0|0:.	0|0:.	0|0:.	0|0:.	0|0:.	0|0:.	0|0:.	0|0:.	0|0:.	0|0:.	0|0:.	0|0:.	0|0:.	0|0:.	0|0:.	0|0:.	0|0:.	0|0:.	0|0:.	0|0:.	0|0:.	0|0:.	0|0:.	0|0:.	0|0:.	0|0:.	0|0:.	0|0:.	0|0:.	0|0:.	0|0:.	0|0:.	0|0:.	0|0:.	0|0:.	0|0:.	0|0:.	0|0:.	0|0:.	0|0:.	0|0:.	0|0:.	0|0:.	0|0:.	0|0:.	0|0:.	0|0:.	0|0:.	0|0:.	0|0:.	0|0:.	0|0:.	0|0:.	0|0:.	0|0:.	0|0:.	0|0:.	0|0:.	0|0:.	0|0:.	0|0:.	0|0:.	0|0:.	0|0:.	0|0:.	0|0:.	0|0:.	0|0:.	0|0:.	0|0:.	0|0:.	0|0:.	0|0:.	0|0:.	0|0:.	0|0:.	0|0:.	0|0:.	0|0:.	0|0:.	0|0:.	0|0:.	0|0:.	0|0:.	0|0:.	0|0:.	0|0:.	0|0:.	0|0:.	0|0:.	0|0:.	0|0:.	0|0:.	0|0:.	0|0:.	0|0:.	0|0:.	0|0:.	0|0:.	0|0:.	0|0:.	0|0:.	0|0:.	0|0:.	0|0:.	0|0:.	0|0:.	0|0:.	0|0:.	0|0:.	0|0:.	0|0:.	0|0:.	0|0:.	0|0:.	0|0:.	0|0:.	0|0:.	0|0:.	0|0:.	0|0:.	0|0:.	0|0:.	0|0:.	0|0:.	0|0:.	0|0:.	0|0:.	0|0:.	0|0:.	0|0:.	0|0:.	0|0:.	0|0:.	0|0:.	0|0:.	0|0:.	0|0:.	0|0:.	0|0:.	0|0:.	0|0:.	0|0:.	0|0:.	0|0:.	0|0:.	0|0:.	0|0:.	0|0:.	0|0:.	0|0:.	0|0:.	0|0:.	0|0:.	0|0:.	0|0:.	0|0:.	0|0:.	0|0:.	0|0:.	0|0:.	0|0:.	0|0:.	0|0:.	0|0:.	0|0:.	0|0:.	0|0:.	0|0:.	0|0:.	0|0:.	0|0:.	0|0:.	0|0:.	0|0:.	0|0:.	0|0:.	0|0:.	0|0:.	0|0:.	0|0:.	0|0:.	0|0:.	0|0:.	0|0:.	0|0:.	0|0:.	0|0:.	0|0:.	0|0:.	0|0:.	0|0:.	0|0:.	0|0:.	0|0:.	0|0:.	0|0:.	0|0:.	0|0:.	0|0:.	0|0:.	0|0:.	0|0:.	0|0:.	0|0:.	0|0:.	0|0:.	0|0:.	0|0:.	0|0:.	0|0:.	0|0:.	0|0:.	0|0:.	0|0:.	0|0:.	0|0:.	0|0:.	0|0:.	0|0:.	0|0:.	0|0:.	0|0:.	0|0:.	0|0:.	0|0:.	0|0:.	0|0:.	0|0:.	0|0:.	0|0:.	0|0:.	0|0:.	0|0:.	0|0:.	0|0:.	0|0:.	0|0:.	0|0:.	0|0:.	0|0:.	0|0:.	0|0:.	0|0:.	0|0:.	0|0:.	0|0:.	0|0:.	0|0:.	0|0:.	0|0:.	0|0:.	0|0:.	0|0:.	0|0:.	0|0:.	0|0:.	0|0:.	0|0:.	0|0:.	0|0:.	0|0:.	0|0:.	0|0:.	0|0:.	0|0:.	0|0:.	0|0:.	0|0:.	0|0:.	0|0:.	0|0:.	0|0:.	0|0:.	0|0:.	0|0:.	0|0:.	0|0:.	0|0:.	0|0:.	0|0:.	0|0:.	0|0:.	0|0:.	0|0:.	0|0:.	0|0:.	0|0:.	0|0:.	0|0:.	0|0:.	0|0:.	0|0:.	0|0:.	0|0:.	0|0:.	0|0:.	0|0:.	0|0:.	0|0:.	0|0:.	0|0:.	0|0:.	0|0:.	0|0:.	0|0:.	0|0:.	0|0:.	0|0:.	0|0:.	0|0:.	0|0:.	0|0:.	0|0:.	0|0:.	0|0:.	0|0:.	0|0:.	0|0:.	0|0:.	0|0:.	0|0:.	0|0:.	0|0:.	0|0:.	0|0:.	0|0:.	0|0:.	0|0:.	0|0:.	0|0:.	0|0:.	0|0:.	0|0:.	0|0:.	0|0:.	0|0:.	0|0:.	0|0:.	0|0:.	0|0:.	0|0:.	0|0:.	0|0:.	0|0:.	0|0:.	0|0:.	0|0:.	0|0:.	0|0:.	0|0:.	0|0:.	0|0:.	0|0:.	0|0:.	0|0:.	0|0:.	0|0:.	0|0:.	0|0:.	0|0:.	0|0:.	0|0:.	0|0:.	0|0:.	0|0:.	0|0:.	0|0:.	0|0:.	0|0:.	0|0:.	0|0:.	0|0:.	0|0:.	0|0:.	0|0:.	0|0:.	0|0:.	0|0:.	0|0:.	0|0:.	0|0:.	0|0:.	0|0:.	0|0:.	0|0:.	0|0:.	0|0:.	0|0:.	0|0:.	0|0:.	0|0:.	0|0:.	0|0:.	0|0:1	0|0:.	0|0:.	0|0:.	0|0:.	0|0:.	0|0:.	0|0:.	0|0:.	0|0:.	0|0:.	0|0:.	0|0:.	0|0:.	0|0:.	0|0:.	0|0:.	0|0:.	0|0:.	0|0:.	0|0:.	0|0:.	0|0:.	0|0:.	0|0:.	0|0:.	0|0:.	0|0:.	0|0:.	0|0:.	0|0:.	0|0:.	0|0:.	0|0:.	0|0:.	0|0:.	0|0:.	0|0:.	0|0:.	0|0:.	0|0:.	0|0:.	0|0:.	0|0:.	0|0:.	0|0:.	0|0:.	0|0:.	0|0:.	0|0:.	0|0:.	0|0:.	0|0:.	0|0:.	0|0:.	0|0:.	0|0:.	0|0:.	0|0:.	0|0:.	0|0:.	0|0:.	0|0:.	0|0:.	0|0:.	0|0:.	0|0:.	0|0:.	0|0:.	0|0:.	0|0:.	0|0:.	0|0:.	0|0:.	0|0:.	0|0:.	0|0:.	0|0:.	0|0:.	0|0:.	0|0:.	0|0:.	0|0:.	0|0:.	0|0:.	0|0:.	0|0:.	0|0:.	0|0:.	0|0:.	0|0:.	0|0:.	0|0:.	0|0:.	0|0:.	0|0:.	0|0:.	0|0:.	0|0:.	0|0:.	0|0:.	0|0:.	0|0:.	0|0:.	0|0:.	0|0:.	0|0:.	0|0:.	0|0:.	0|0:.	0|0:.	0|0:.	0|0:.	0|0:.	0|0:.	0|0:.	0|0:.	0|0:.	0|0:.	0|0:.	0|0:.	0|0:.	0|0:.	0|0:.	0|0:.	0|0:.	0|0:.	0|0:.	0|0:.	0|0:.	0|0:.	0|0:.	0|0:.	0|0:.	0|0:.	0|0:.	0|0:.	0|0:.	0|0:.	0|0:.	0|0:.	0|0:.	0|0:.	0|0:.	0|0:.	0|0:.	0|0:.	0|0:.	0|0:.	0|0:.	0|0:.	0|0:.	0|0:.	0|0:.	0|0:.	0|0:.	0|0:.	0|0:.	0|0:.	0|0:.	0|0:.	0|0:.	0|0:.	0|0:.	0|0:.	0|0:.	0|0:.	0|0:.	0|0:.	0|0:.	0|0:.	0|0:.	0|0:.	0|0:.	0|0:.	0|0:.	0|0:.	0|0:.	0|0:.	0|0:.	0|0:.	0|0:.	0|0:.	0|0:.	0|0:.	0|0:.	0|0:.	0|0:.	0|0:.	0|0:.	0|0:.	0|0:.	0|0:.	0|0:.	0|0:.	0|0:.	0|0:.	0|0:.	0|0:.	0|0:.	0|0:.	0|0:.	0|0:.	0|0:.	0|0:.	0|0:.	0|0:.	0|0:.	0|0:.	0|0:.	0|0:.	0|0:.	0|0:.	0|0:.	0|0:.	0|0:.	0|0:.	0|0:.	0|0:.	0|0:.	0|0:.	0|0:.	0|0:.	0|0:.	0|0:.	0|0:.	0|0:.	0|0:.	0|0:.	0|0:.	0|0:.	0|0:.	0|0:.	0|0:.	0|0:.	0|0:.	0|0:.	0|0:.	0|0:.	0|0:.	0|0:.	0|0:.	0|0:.	0|0:.	0|0:.	0|0:.	0|0:.	0|0:.	0|0:.	0|0:.	0|0:.	0|0:.	0|0:.	0|0:.	0|0:.	0|0:.	0|0:.	0|0:.	0|0:.	0|0:.	0|0:.	0|0:.	0|0:.	0|0:.	0|0:.	0|0:.	0|0:.	0|0:.	0|0:.	0|0:.	0|0:.	0|0:.	0|0:.	0|0:.	0|0:.	0|0:.	0|0:.	0|0:.	0|0:.	0|0:.	0|0:.	0|0:.	0|0:.	0|0:.	0|0:.	0|0:.	0|0:.	0|0:.	0|0:.	0|0:.	0|0:.	0|0:.	0|0:.	0|0:.	0|0:.	0|0:.	0|0:.	0|0:.	0|0:.	0|0:.	0|0:.	0|0:.	0|0:.	0|0:.	0|0:.	0|0:.	0|0:.	0|0:.	0|0:.	0|0:.	0|0:.	0|0:.	0|0:.	0|0:.	0|0:.	0|0:.	0|0:.	0|0:.	0|0:.	0|0:.	0|0:.	0|0:.	0|0:.	0|0:.	0|0:.	0|0:.	0|0:.	0|0:.	0|0:.	0|0:.	0|0:.	0|0:.	0|0:.	0|0:.	0|0:.	0|0:.	0|0:.	0|0:.	0|0:.	0|0:.	0|0:.	0|0:.	0|0:.	0|0:.	0|0:.	0|0:.	0|0:.	0|0:.	0|0:.	0|0:.	0|0:.	0|0:.	0|0:.	0|0:.	0|0:.	0|0:.	0|0:.	0|0:.	0|0:.	0|0:.	0|0:.	0|0:.	0|0:.	0|0:.	0|0:.	0|0:.	0|0:.	0|0:.	0|0:.	0|0:.	0|0:.	0|0:.	0|0:.	0|0:.	0|0:.	0|0:.	0|0:.	0|0:.	0|0:.	0|0:.	0|0:.	0|0:.	0|0:.	0|0:.	0|0:.	0|0:.	0|0:.	0|0:.	0|0:.	0|0:.	0|0:.	0|0:.	0|0:.	0|0:.	0|0:.	0|0:.	0|0:.	0|0:.	0|0:.	0|0:.	0|0:.	0|0:.	0|0:.	0|0:.	0|0:.	0|0:.	0|0:.	0|0:.	0|0:.	0|0:.	0|0:.	0|0:.	0|0:.	0|0:.	0|0:.	0|0:.	0|0:.	0|0:.	0|0:.	0|0:.	0|0:.	0|0:.	0|0:.	0|0:.	0|0:.	0|0:.	0|0:.	0|0:.	0|0:.	0|0:.	0|0:.	0|0:.	0|0:.	0|0:.	0|0:.	0|0:.	0|0:.	0|0:.	0|0:.	0|0:.	0|0:.	0|0:.	0|0:.	0|0:.	0|0:.	0|0:.	0|0:.	0|0:.	0|0:.	0|0:.	0|0:.	0|0:.	0|0:.	0|0:.	0|0:.	0|0:.	0|0:.	0|0:.	0|0:.	0|0:.	0|0:.	0|0:.	0|0:.	0|0:.	0|0:.	0|0:.	0|0:.	0|0:.	0|0:.	0|0:.	0|0:.	0|0:.	0|0:.	0|0:.	0|0:.	0|0:.	0|0:.	0|0:.	0|0:.	0|0:.	0|0:.	0|0:.	0|0:.	0|0:.	0|0:.	0|0:.	0|0:.	0|0:.	0|0:.	0|0:.	0|0:.	0|0:.	0|0:.	0|0:.	0|0:.	0|0:.	0|0:.	0|0:.	0|0:.	0|0:.	0|0:.	0|0:.	0|0:.	0|0:.	0|0:.	0|0:.	0|0:.	0|0:.	0|0:.	0|0:.	0|0:.	0|0:.	0|0:.	0|0:.	0|0:.	0|0:.	0|0:.	0|0:.	0|0:.	0|0:.	0|0:.	0|0:.	0|0:.	0|0:.	0|0:.	0|0:.	0|0:.	0|0:.	0|0:.	0|0:.	0|0:.	0|0:.	0|0:.	0|0:.	0|0:.	0|0:.	0|0:.	0|0:.	0|0:.	0|0:.	0|0:.	0|0:.	0|0:.	0|0:.	0|0:.	0|0:.	0|0:.	0|0:.	0|0:.	0|0:.	0|0:.	0|0:.	0|0:.	0|0:.	0|0:.	0|0:.	0|0:.	0|0:.	0|0:.	0|0:.	0|0:.	0|0:.	0|0:.	0|0:.	0|0:.	0|0:.	0|0:.	0|0:.	0|0:.	0|0:.	0|0:.	0|0:.	0|0:.	0|0:.	0|0:.	0|0:.	0|0:.	0|0:.	0|0:.	0|0:.	0|0:.	0|0:.	0|0:.	0|0:.	0|0:.	0|0:.	0|0:.	0|0:.	0|0:.	0|0:.	0|0:.	0|0:.	0|0:.	0|0:.	0|0:.	0|0:.	0|0:.	0|0:.	0|0:.	0|0:.	0|0:.	0|0:.	0|0:.	0|0:.	0|0:.	0|0:.	0|0:.	0|0:.	0|0:.	0|0:.	0|0:.	0|0:.	0|0:.	0|0:.	0|0:.	0|0:.	0|0:.	0|0:.	0|0:.	0|0:.	0|0:.	0|0:.	0|0:.	0|0:.	0|0:.	0|0:.	0|0:.	0|0:.	0|0:.	0|0:.	0|0:.	0|0:.	0|0:.	0|0:.	0|0:.	0|0:.	0|0:.	0|0:.	0|0:.	0|0:.	0|0:.	0|0:.	0|0:.	0|0:.	0|0:.	0|0:.	0|0:.	0|0:.	0|0:.	0|0:.	0|0:.	0|0:.	0|0:.	0|0:.	0|0:.	0|0:.	0|0:.	0|0:.	0|0:.	0|0:.	0|0:.	0|0:.	0|0:.	0|0:.	0|0:.	0|0:.	0|0:.	0|0:.	0|0:.	0|0:.	0|0:.	0|0:.	0|0:.	0|0:.	0|0:.	0|0:.	0|0:.	0|0:.	0|0:.	0|0:.	0|0:.	0|0:.	0|0:.	0|0:.	0|0:.	0|0:.	0|0:.	0|0:.	0|0:.	0|0:.	0|0:.	0|0:.	0|0:.	0|0:.	0|0:.	0|0:.	0|0:.	0|0:.	0|0:.	0|0:.	0|0:.	0|0:.	0|0:.	0|0:.	0|0:.	0|0:.	0|0:.	0|0:.	0|0:.	0|0:.	0|0:.	0|0:.	0|0:.	0|0:.	0|0:.	0|0:.	0|0:.	0|0:.	0|0:.	0|0:.	0|0:.	0|0:.	0|0:.	0|0:.	0|0:.	0|0:.	0|0:.	0|0:.	0|0:.	0|0:.	0|0:.	0|0:.	0|0:.	0|0:.	0|0:.	0|0:.	0|0:.	0|0:.	0|0:.	0|0:.	0|0:.	0|0:.	0|0:.	0|0:.	0|0:.	0|0:.	0|0:.	0|0:.	0|0:.	0|0:.	0|0:.	0|0:.	0|0:.	0|0:.	0|0:.	0|0:.	0|0:.	0|0:.	0|0:.	0|0:.	0|0:.	0|0:.	0|0:.	0|0:.	0|0:.	0|0:.	0|0:.	0|0:.	0|0:.	0|0:.	0|0:.	0|0:.	0|0:.	0|0:.	0|0:.	0|0:.	0|0:.	0|0:.	0|0:.	0|0:.	0|0:.	0|0:.	0|0:.	0|0:.	0|0:.	0|0:.	0|0:.	0|0:.	0|0:.	0|0:.	0|0:.	0|0:.	0|0:.	0|0:.	0|0:.	0|0:.	0|0:.	0|0:.	0|0:.	0|0:.	0|0:.	0|0:.	0|0:.	0|0:.	0|0:.	0|0:.	0|0:.	0|0:.	0|0:.	0|0:.	0|0:.	0|0:.	0|0:.	0|0:.	0|0:.	0|0:.	0|0:.	0|0:.	0|0:.	0|0:.	0|0:.	0|0:.	0|0:.	0|0:.	0|0:.	0|0:.	0|0:.	0|0:.	0|0:.	0|0:.	0|0:.	0|0:.	0|0:.	0|0:.	0|0:.	0|0:.	0|0:.	0|0:.	0|0:.	0|0:.	0|0:.	0|0:.	0|0:.	0|0:.	0|0:.	0|0:.	0|0:.	0|0:.	0|0:.	0|0:.	0|0:.	0|0:.	0|0:.	0|0:.	0|0:.	0|0:.	0|0:.	0|0:.	0|0:.	0|0:.	0|0:.	0|0:.	0|0:.	0|0:.	0|0:.	0|0:.	0|0:.	0|0:.	0|0:.	0|0:.	0|0:.	0|0:.	0|0:.	0|0:.	0|0:.	0|0:.	0|0:.	0|0:.	0|0:.	0|0:.	0|0:.	0|0:.	0|0:.	0|0:.	0|0:.	0|0:.	0|0:.	0|0:.	0|0:.	0|0:.	0|0:.	0|0:.	0|0:.	0|0:.	0|0:.	0|0:.	0|0:.	0|0:.	0|0:.	0|0:.	0|0:.	0|0:.	0|0:.	0|0:.	0|0:.	0|0:.	0|0:.	0|0:.	0|0:.	0|0:.	0|0:.	0|0:.	0|0:.	0|0:.	0|0:.	0|0:.	0|0:.	0|0:.	0|0:.	0|0:.	0|0:.	0|0:.	0|0:.	0|0:.	0|0:.	0|0:.	0|0:.	0|0:.	0|0:.	0|0:.	0|0:.	0|0:.	0|0:.	0|0:.	0|0:.	0|0:.	0|0:.	0|0:.	0|0:.	0|0:.	0|0:.	0|0:.	0|0:.	0|0:.	0|0:.	0|0:.	0|0:.	0|0:.	0|0:.	0|0:.	0|0:.	0|0:.	0|0:.	0|0:.	0|0:.	0|0:.	0|0:.	0|0:.	0|0:.	0|0:.	0|0:.	0|0:.	0|0:.	0|0:.	0|0:.	0|0:.	0|0:.	0|0:.	0|0:.	0|0:.	0|0:.	0|0:.	0|0:.	0|0:.	0|0:.	0|0:.	0|0:.	0|0:.	0|0:.	0|0:.	0|0:.	0|0:.	0|0:.	0|0:.	0|0:.	0|0:.	0|0:.	0|0:.	0|0:.	0|0:.	0|0:.	0|0:.	0|0:.	0|0:.	0|0:.	0|0:.	0|0:.	0|0:.	0|0:.	0|0:.	0|0:.	0|0:.	0|0:.	0|0:.	0|0:.	0|0:.	0|0:.	0|0:.	0|0:.	0|0:.	0|0:.	0|0:.	0|0:.	0|0:.	0|0:.	0|0:.	0|0:.	0|0:.	0|0:.	0|0:.	0|0:.	0|0:.	0|0:.	0|0:.	0|0:.	0|0:.	0|0:.	0|0:.	0|0:.	0|0:.	0|0:.	0|0:.	0|0:.	0|0:.	0|0:.	0|0:.	0|0:.	0|0:.	0|0:.	0|0:.	0|0:.	0|0:.	0|0:.	0|0:.	0|0:.	0|0:.	0|0:.	0|0:.	0|0:.	0|0:.	0|0:.	0|0:.	0|0:.	0|0:.	0|0:.	0|0:.	0|0:.	0|0:.	0|0:.	0|0:.	0|0:.	0|0:.	0|0:.	0|0:.	0|0:.	0|0:.	0|0:.	0|0:.	0|0:.	0|0:.	0|0:.	0|0:.	0|0:.	0|0:.	0|0:.	0|0:.	0|0:.	0|0:.	0|0:.	0|0:.	0|0:.	0|0:.	0|0:.	0|0:.	0|0:.	0|0:.	0|0:.	0|0:.	0|0:.	0|0:.	0|0:.	0|0:.	0|0:.	0|0:.	0|0:.	0|0:.	0|0:.	0|0:.	0|0:.	0|0:.	0|0:.	0|0:.	0|0:.	0|0:.	0|0:.	0|0:.	0|0:.	0|0:.	0|0:.	0|0:.	0|0:.	0|0:.	0|0:.	0|0:.	0|0:.	0|0:.	0|0:.	0|0:.	0|0:.	0|0:.	0|0:.	0|0:.	0|0:.	0|0:.	0|0:.	0|0:.	0|0:.	0|0:.	0|0:.	0|0:.	0|0:.	0|0:.	0|0:.	0|0:.	0|0:.	0|0:.	0|0:.	0|0:.	0|0:.	0|0:.	0|0:.	0|0:.	0|0:.	0|0:.	0|0:.	0|0:.	0|0:.	0|0:.	0|0:.	0|0:.	0|0:.	0|0:.	0|0:.	0|0:.	0|0:.	0|0:.	0|0:.	0|0:.	0|0:.	0|0:.	0|0:.	0|0:.	0|0:.	0|0:.	0|0:.	0|0:.	0|0:.	0|0:.	0|0:.	0|0:.	0|0:.	0|0:.	0|0:.	0|0:.	0|0:.	0|0:.	0|0:.	0|0:.	0|0:.	0|0:.	0|0:.	0|0:.	0|0:.	0|0:.	0|0:.	0|0:.	0|0:.	0|0:.	0|0:.	0|0:.	0|0:.	0|0:.	0|0:.	0|0:.	0|0:.	0|0:.	0|0:.	0|0:.	0|0:.	0|0:.	0|0:.	0|0:.	0|0:.	0|0:.	0|0:.	0|0:.	0|0:.	0|0:.	0|0:.	0|0:.	0|0:.	0|0:.	0|0:.	0|0:.	0|0:.	0|0:.	0|0:.	0|0:.	0|0:.	0|0:.	0|0:.	0|0:.	0|0:.	0|0:.	0|0:.	0|0:.	0|0:.	0|0:.	0|0:.	0|0:.	0|0:.	0|0:.	0|0:.	0|0:.	0|0:.	0|0:.	0|0:.	0|0:.	0|0:.	0|0:.	0|0:.	0|0:.	0|0:.	0|0:.	0|0:.	0|0:.	0|0:.	0|0:.	0|0:.	0|0:.	0|0:.	0|0:.	0|0:.	0|0:.	0|0:.	0|0:.	0|0:.	0|0:.	0|0:.	0|0:.	0|0:.	0|0:.	0|0:.	0|0:.	0|0:.	0|0:.	0|0:.	0|0:.	0|0:.	0|0:.	0|0:.	0|0:.	0|0:.	0|0:.	0|0:.	0|0:.	0|0:.	0|0:.	0|0:.	0|0:.	0|0:.	0|0:.	0|0:.	0|0:.	0|0:.	0|0:.	0|0:.	0|0:.	0|0:.	0|0:.	0|0:.	0|0:.	0|0:.	0|0:.	0|0:.	0|0:.	0|0:.	0|0:.	0|0:.	0|0:.	0|0:.	0|0:.	0|0:.	0|0:.	0|0:.	0|0:.	0|0:.	0|0:.	0|0:.	0|0:.	0|0:.	0|0:.	0|0:.	0|0:.	0|0:.	0|0:.	0|0:.	0|0:.	0|0:.	0|0:.	0|0:.	0|0:.	0|0:.	0|0:.	0|0:.	0|0:.	0|0:.	0|0:.	0|0:.	0|0:.	0|0:.	0|0:.	0|0:.	0|0:.	0|0:.	0|0:.	0|0:.	0|0:.	0|0:.	0|0:.	0|0:.	0|0:.	0|0:.	0|0:.	0|0:.	0|0:.	0|0:.	0|0:.	0|0:.	0|0:.	0|0:.	0|0:.	0|0:.	0|0:.	0|0:.	0|0:.	0|0:.	0|0:.	0|0:.	0|0:.	0|0:.	0|0:.	0|0:.	0|0:.	0|0:.	0|0:.	0|0:.	0|0:.	0|0:.	0|0:.	0|0:.	0|0:.	0|0:.	0|0:.	0|0:.	0|0:.	0|0:.	0|0:.	0|0:.	0|0:.	0|0:.	0|0:.	0|0:.	0|0:.	0|0:.	0|0:.	0|0:.	0|0:.	0|0:.	0|0:.	0|0:.	0|0:.	0|0:.	0|0:.	0|0:.	0|0:.	0|0:.	0|0:.	0|0:.	0|0:.	0|0:.	0|0:.	0|0:.	0|0:.	0|0:.	0|0:.	0|0:.	0|0:.	0|0:.	0|0:.	0|0:.	0|0:.	0|0:.	0|0:.	0|0:.	0|0:.	0|0:.	0|0:.	0|0:.	0|0:.	0|0:.	0|0:.	0|0:.	0|0:.	0|0:.	0|0:.	0|0:.	0|0:.	0|0:.	0|0:.	0|0:.	0|0:.	0|0:.	0|0:.	0|0:.	0|0:.	0|0:.
chr22	16050012	.	A	G	.	.	AC=7;AN=8182	GT:PP	0|0:.	0|0:.	0|0:.	0|0:.	0|0:.	0|0:.	0|0:.	0|0:.	0|0:.	0|0:.	0|0:.	0|0:.	0|0:.	0|0:.	0|0:.	0|0:.	0|0:.	0|0:.	0|0:.	0|0:.	0|0:.	0|0:.	0|0:.	0|0:.	0|0:.	0|0:.	0|0:.	0|0:.	0|0:.	0|0:.	0|0:.	0|0:.	0|0:.	0|0:.	0|0:.	0|0:.	0|0:.	0|0:.	0|0:.	0|0:.	0|0:.	0|0:.	0|0:.	0|0:.	0|0:.	0|0:.	0|0:.	0|0:.	0|0:.	0|0:.	0|0:.	0|0:.	0|0:.	0|0:.	0|0:.	0|0:.	0|0:.	0|0:.	0|0:.	0|0:.	0|0:.	0|0:.	0|0:.	0|0:.	0|0:.	0|0:.	0|0:.	0|0:.	0|0:.	0|0:.	0|0:.	0|0:.	0|0:.	0|0:.	0|0:.	0|0:.	0|0:.	0|0:.	0|0:.	0|0:.	0|0:.	0|0:.	0|0:.	0|0:.	0|0:.	0|0:.	0|0:.	0|0:.	0|0:.	0|0:.	0|0:.	0|0:.	0|0:.	0|0:.	0|0:.	0|0:.	0|0:.	0|0:.	0|0:.	0|0:.	0|0:.	0|0:.	0|0:.	0|0:.	0|0:.	0|0:.	0|0:.	0|0:.	0|0:.	0|0:.	0|0:.	0|0:.	0|0:.	0|0:.	0|0:.	0|0:.	0|0:.	0|0:.	0|0:.	0|0:.	0|0:.	0|0:.	0|0:.	0|0:.	0|0:.	0|0:.	0|0:.	0|0:.	0|0:1	0|0:.	0|0:.	0|0:.	0|0:.	0|0:.	0|0:.	0|0:.	0|0:.	0|0:.	0|0:.	0|0:.	0|0:.	0|0:.	0|0:.	0|0:.	0|0:.	0|0:.	0|0:.	0|0:.	0|0:.	0|0:.	0|0:.	0|0:.	0|0:.	0|0:.	0|0:.	0|0:.	0|0:.	0|0:.	0|0:.	0|0:.	0|0:.	0|0:.	0|0:.	0|0:.	0|0:.	0|0:.	0|0:.	0|0:.	0|0:.	0|0:.	0|0:.	0|0:.	0|0:.	0|0:.	0|0:.	0|0:.	0|0:.	0|0:.	0|0:.	0|0:.	0|0:.	0|0:.	0|0:.	0|0:.	0|0:.	0|0:.	0|0:.	0|0:.	0|0:.	0|0:.	0|0:.	0|0:.	0|0:.	0|0:.	0|0:.	0|0:.	0|0:.	0|0:.	0|0:.	0|0:.	0|0:.	0|0:.	0|0:.	0|0:.	0|0:.	0|0:.	0|0:.	0|0:.	0|0:.	0|0:.	0|0:.	0|0:.	0|0:.	0|0:.	0|0:.	0|0:.	0|0:.	0|0:.	0|0:.	0|0:.	0|0:.	0|0:.	0|0:.	0|0:.	0|0:.	0|0:.	0|0:.	0|0:.	0|0:.	0|0:.	0|0:.	0|0:.	0|0:.	0|0:.	0|0:.	0|0:.	0|0:.	0|0:.	0|0:.	0|0:.	0|0:.	0|0:.	0|0:.	0|0:.	0|0:.	0|0:.	0|0:.	0|0:.	0|0:.	0|0:.	0|0:.	0|0:.	0|0:.	0|0:.	0|0:.	0|0:.	0|0:.	0|0:.	0|0:.	0|0:.	0|0:.	0|0:.	0|0:.	0|0:.	0|0:.	0|0:.	0|0:.	0|0:.	0|0:.	0|0:.	0|0:.	0|0:.	0|0:.	0|0:.	0|0:.	0|0:.	0|0:.	0|0:.	0|0:.	0|0:.	0|0:.	0|0:.	0|0:.	0|0:.	0|0:.	0|0:.	0|0:.	0|0:.	0|0:.	0|0:.	0|0:.	0|0:.	0|0:.	0|0:.	0|0:.	0|0:.	0|0:.	0|0:.	0|0:.	0|0:.	0|0:.	0|0:.	0|0:.	0|0:.	0|0:.	0|0:.	0|0:.	0|0:.	0|0:.	0|0:.	0|0:.	0|0:.	0|0:.	0|0:.	0|0:.	0|0:.	0|0:.	0|0:.	0|0:.	0|0:.	0|0:.	0|0:.	0|0:.	0|0:.	0|0:.	0|0:.	0|0:.	0|0:.	0|0:.	0|0:.	0|0:.	0|0:.	0|0:.	0|0:.	0|0:.	0|0:.	0|0:.	0|0:.	0|0:.	0|0:.	0|0:.	0|0:.	0|0:.	0|0:.	0|0:.	0|0:.	0|0:.	0|0:.	0|0:.	0|0:.	0|0:.	0|0:.	0|0:.	0|0:.	0|0:.	0|0:.	0|0:.	0|0:.	0|0:.	0|0:.	0|0:.	0|0:.	0|0:.	0|0:.	0|0:.	0|0:.	0|0:.	0|0:.	0|0:.	0|0:.	0|0:.	0|0:.	0|0:.	0|0:.	0|0:.	0|0:.	0|0:.	0|0:.	0|0:.	0|0:.	0|0:.	0|0:.	0|0:.	0|0:.	0|0:.	0|0:.	0|0:.	0|0:.	0|0:.	0|0:.	0|0:.	0|0:.	0|0:.	0|0:.	0|0:.	0|0:.	0|0:.	0|0:.	0|0:.	0|0:.	0|0:.	0|0:.	0|0:.	0|0:.	0|0:.	0|0:.	0|0:.	0|0:.	0|0:.	0|0:.	0|0:.	0|0:.	0|0:.	0|0:.	0|0:.	0|0:.	0|0:.	0|0:.	0|0:.	0|0:.	0|0:.	0|0:.	0|0:.	0|0:.	0|0:.	0|0:.	0|0:.	0|0:.	0|0:.	0|0:.	0|0:.	0|0:.	0|0:.	0|0:.	0|0:.	0|0:.	0|0:.	0|0:.	0|0:.	0|0:.	0|0:.	0|0:.	0|0:.	0|0:.	0|0:.	0|0:.	0|0:.	0|0:.	0|0:.	0|0:.	0|0:.	0|0:.	0|0:.	0|0:.	0|0:.	0|0:.	0|0:.	0|0:.	0|0:.	0|0:.	0|0:.	0|0:.	0|0:.	0|0:.	0|0:.	0|0:.	0|0:.	0|0:.	0|0:.	0|0:.	0|0:.	0|0:.	0|0:.	0|0:.	0|0:.	0|0:.	0|0:.	0|0:.	0|0:.	0|0:.	0|0:.	0|0:.	0|0:.	0|0:.	0|0:.	0|0:.	0|0:.	0|0:.	0|0:.	0|0:.	0|0:.	0|0:.	0|0:.	0|0:.	0|0:.	0|0:.	0|0:.	0|0:.	0|0:.	0|0:.	0|0:.	0|0:.	0|0:.	0|0:.	0|0:.	0|0:.	0|0:.	0|0:.	0|0:.	0|0:.	0|0:.	0|0:.	0|0:.	0|0:.	0|0:.	0|0:.	0|0:.	0|0:.	0|0:.	0|0:.	0|0:.	0|0:.	0|0:.	0|0:.	0|0:.	0|0:.	0|0:.	0|0:.	0|0:.	0|0:.	0|0:.	0|0:.	0|0:.	0|0:.	0|0:.	0|0:.	0|0:.	0|0:.	0|0:.	0|0:.	0|0:.	0|0:.	0|0:.	0|0:.	0|0:.	0|0:.	0|0:.	0|0:.	0|0:.	0|0:.	0|0:.	0|0:.	0|0:.	0|0:.	0|0:.	0|0:.	0|0:.	0|0:.	0|0:.	0|0:.	0|0:.	0|0:.	0|0:.	0|0:.	0|0:.	0|0:.	0|0:.	0|0:.	0|0:.	0|0:.	0|0:.	0|0:.	0|0:.	0|0:.	0|0:.	0|0:.	0|0:.	0|0:.	0|0:.	0|0:.	0|0:.	0|0:.	0|0:.	0|0:.	0|0:.	0|0:.	0|0:.	0|0:.	0|0:.	0|0:.	0|0:.	0|0:.	0|0:.	0|0:.	0|0:.	0|0:.	0|0:.	0|0:.	0|0:.	0|0:.	0|0:.	0|0:.	0|0:.	0|0:.	0|0:.	0|0:.	0|0:.	0|0:.	0|0:.	0|0:.	0|0:.	0|0:.	0|0:.	0|0:.	0|0:.	0|0:.	0|0:.	0|0:.	0|0:.	0|0:.	0|0:.	0|0:.	0|0:.	0|0:.	0|0:.	0|0:.	0|0:.	0|0:.	0|0:.	0|0:.	0|0:.	0|0:.	0|0:.	0|0:.	0|0:.	0|0:.	0|0:.	0|0:.	0|0:.	0|0:.	0|0:.	0|0:.	0|0:.	0|0:.	0|0:.	0|0:.	0|0:.	0|0:.	0|0:.	0|0:.	0|0:.	0|0:.	0|0:.	0|0:.	0|0:.	0|0:.	0|0:.	0|0:.	0|0:.	0|0:.	0|0:.	0|0:.	0|0:.	0|0:.	0|0:.	0|0:.	0|0:.	0|0:.	0|0:.	0|0:.	0|0:.	0|0:.	0|0:.	0|0:.	0|0:.	0|0:.	0|0:.	0|0:.	0|0:.	0|0:.	0|0:.	0|0:.	0|0:.	0|0:.	0|0:.	0|0:.	0|0:.	0|0:.	0|0:.	0|0:.	0|0:.	0|0:.	0|0:.	0|0:.	0|0:.	0|0:.	0|0:.	0|0:.	0|0:.	0|0:.	0|0:.	0|0:.	0|0:.	0|0:.	0|0:.	0|0:.	0|0:.	0|0:.	0|0:.	0|0:.	0|0:.	0|0:.	0|0:.	0|0:.	0|0:.	0|0:.	0|0:.	0|0:.	0|0:.	0|0:.	0|0:.	0|0:.	0|0:.	0|0:.	0|0:.	0|0:.	0|0:.	0|0:.	0|0:.	0|0:.	0|0:.	0|0:.	0|0:.	0|0:.	0|0:.	0|0:.	0|0:.	0|0:.	0|0:.	0|0:.	0|0:.	0|0:.	0|0:.	0|0:.	0|0:.	0|0:.	0|0:.	0|0:.	0|0:.	0|0:.	0|0:.	0|0:.	0|0:.	0|0:.	0|0:.	0|0:.	0|0:.	0|0:.	0|0:.	0|0:.	0|0:.	0|0:.	0|0:.	0|0:.	0|0:.	0|0:.	0|0:.	0|0:.	0|0:.	0|0:.	0|0:.	0|0:.	0|0:.	0|0:.	0|0:.	0|0:.	0|0:.	0|0:.	0|0:.	0|0:.	0|0:.	0|0:.	0|0:.	0|0:.	0|0:.	0|0:.	0|0:.	0|0:.	0|0:.	0|0:.	0|0:.	0|0:.	0|0:.	0|0:.	0|0:.	0|0:.	0|0:.	0|0:.	0|0:.	0|0:.	0|0:.	0|0:.	0|0:.	0|0:.	0|0:.	0|0:.	0|0:.	0|0:.	0|0:.	0|0:.	0|0:.	0|0:.	0|0:.	0|0:.	0|0:.	0|0:.	0|0:.	0|0:.	0|0:.	0|0:.	0|0:.	0|0:.	0|0:.	0|0:.	0|0:.	0|0:.	0|0:.	0|0:.	0|0:.	0|0:.	0|0:.	0|0:.	0|0:.	0|0:.	0|0:.	0|0:.	0|0:.	0|0:.	0|0:.	0|0:.	0|0:.	0|0:.	0|0:.	0|0:.	0|0:.	0|0:.	0|0:.	0|0:.	0|0:.	0|0:.	0|0:.	0|0:.	0|0:.	0|0:.	0|0:.	0|0:.	0|0:.	0|0:.	0|0:.	0|0:.	0|0:.	0|0:.	0|0:.	0|0:.	0|0:.	0|0:.	0|0:.	0|0:.	0|0:.	0|0:.	0|0:.	0|0:.	0|0:.	0|0:.	0|0:.	0|0:.	0|0:.	0|0:.	0|0:.	0|0:.	0|0:.	0|0:.	0|0:.	0|0:.	0|0:.	0|0:.	0|0:.	0|0:.	0|0:.	0|0:.	0|0:.	0|0:.	0|0:.	0|0:.	0|0:.	0|0:.	0|0:.	0|0:.	0|0:.	0|0:.	0|0:.	0|0:.	0|0:.	0|0:.	0|0:.	0|0:.	0|0:.	0|0:.	0|0:.	0|0:.	0|0:.	0|0:.	0|0:.	0|0:.	0|0:.	0|0:.	0|0:.	0|0:.	0|0:.	0|0:.	0|0:.	0|0:.	0|0:.	0|0:.	0|0:.	0|0:.	0|0:.	0|0:.	0|0:.	0|0:.	0|0:.	0|0:.	0|0:.	0|0:.	0|0:.	0|0:.	0|0:.	0|0:.	0|0:.	0|0:.	0|0:.	0|0:.	0|0:.	0|0:.	0|0:.	0|0:.	0|0:.	0|0:.	0|0:.	0|0:.	0|0:.	0|0:.	0|0:.	0|0:.	0|0:.	0|0:.	0|0:.	0|0:.	0|0:.	0|0:.	0|0:.	0|0:.	0|0:.	0|0:.	0|0:.	0|0:.	0|0:.	0|0:.	0|0:.	0|0:.	0|0:.	0|0:.	0|0:.	0|0:.	0|0:.	0|0:.	0|0:.	0|0:.	0|0:.	0|0:.	0|0:.	0|0:.	0|0:.	0|0:.	0|0:.	0|0:.	0|0:.	0|0:.	0|0:.	0|0:.	0|0:.	0|0:.	0|0:.	0|0:.	0|0:.	0|0:.	0|0:.	0|0:.	0|0:.	0|0:.	0|0:.	0|0:.	0|0:.	0|0:.	0|0:.	0|0:.	0|0:.	0|0:.	0|0:.	0|0:.	0|0:.	0|0:.	0|0:.	0|0:.	0|0:.	0|0:.	0|0:.	0|0:.	0|0:.	0|0:.	0|0:.	0|0:.	0|0:.	0|0:.	0|0:.	0|0:.	0|0:.	0|0:.	0|0:.	0|0:.	0|0:.	0|0:.	0|0:.	0|0:.	0|0:.	0|0:.	0|0:.	0|0:.	0|0:.	0|0:.	0|0:.	0|0:.	0|0:.	0|0:.	0|0:.	0|0:.	0|0:.	0|0:.	0|0:.	0|0:.	0|0:.	0|0:.	0|0:.	0|0:.	0|0:.	0|0:.	0|0:.	0|0:.	0|0:.	0|0:.	0|0:.	0|0:.	0|0:.	0|0:.	0|0:.	0|0:.	0|0:.	0|0:.	0|0:.	0|0:.	0|0:.	0|0:.	0|0:.	0|0:.	0|0:.	0|0:.	0|0:.	0|0:.	0|0:.	0|0:.	0|0:.	0|0:.	0|0:.	0|0:.	0|0:.	0|0:.	0|0:.	0|0:.	0|0:.	0|0:.	0|0:.	0|0:.	0|0:.	0|0:.	0|0:.	0|0:.	0|0:.	0|0:.	0|0:.	0|0:.	0|0:.	0|0:.	0|0:.	0|0:.	0|0:.	0|0:.	0|0:.	0|0:.	0|0:.	0|0:.	0|0:.	0|0:.	0|0:.	0|0:.	0|0:.	0|0:.	0|0:.	0|0:.	0|0:.	0|0:.	0|0:.	0|0:.	0|0:.	0|0:.	0|0:.	0|0:.	0|0:.	0|0:.	0|0:.	0|0:.	0|0:.	0|0:.	0|0:.	0|0:.	0|0:.	0|0:.	0|0:.	0|0:.	0|0:.	0|0:.	0|0:.	0|0:.	0|0:.	0|0:.	0|0:.	0|0:.	0|0:.	0|0:.	0|0:.	0|0:.	0|0:.	0|0:.	0|0:.	0|0:.	0|0:.	0|0:.	0|0:.	0|0:.	0|0:.	0|0:.	0|0:.	0|0:.	0|0:.	0|0:.	0|0:.	0|0:.	0|0:.	0|0:.	0|0:.	0|0:.	0|0:.	0|0:.	0|0:.	0|0:.	0|0:.	0|0:.	0|0:.	0|0:.	0|0:.	0|0:.	0|0:.	0|0:.	0|0:.	0|0:.	0|0:.	0|0:.	0|0:.	0|0:.	0|0:.	0|0:.	0|0:.	0|0:.	0|0:.	0|0:.	0|0:.	0|0:.	0|0:.	0|0:.	0|0:.	0|0:.	0|0:.	0|0:.	0|0:.	0|0:.	0|0:.	0|0:.	0|0:.	0|0:.	0|0:.	0|0:.	0|0:.	0|0:.	0|0:.	0|0:.	0|0:.	0|0:.	0|0:.	0|0:.	0|0:.	0|0:.	0|0:.	0|0:.	0|0:.	0|0:.	0|0:.	0|0:.	0|0:.	0|0:.	0|0:.	0|0:.	0|0:.	0|0:.	0|0:.	0|0:.	0|0:.	0|0:.	0|0:.	0|0:.	0|0:.	0|0:.	0|0:.	0|0:.	0|0:.	0|0:.	0|0:.	0|0:.	0|0:.	0|0:.	0|0:.	0|0:.	0|0:.	0|0:.	0|0:.	0|0:.	0|0:.	0|0:.	0|0:.	0|1:1	0|0:.	0|0:.	0|1:1	0|0:.	0|0:.	0|0:.	0|0:.	0|0:.	0|0:.	0|0:.	0|0:.	0|0:.	0|0:.	0|0:.	0|0:.	0|0:.	0|0:.	0|0:.	0|0:.	0|0:.	0|0:.	0|0:.	0|0:.	0|0:.	0|0:.	0|0:.	0|0:.	0|0:.	0|0:.	0|0:.	0|0:.	0|0:.	0|0:.	0|0:.	0|0:.	0|0:.	0|0:.	0|0:.	0|0:.	0|0:.	0|0:.	0|0:.	0|0:.	0|0:.	0|0:.	0|0:.	0|0:.	0|0:.	0|0:.	0|0:.	0|0:.	0|0:.	0|0:.	0|0:.	0|0:.	0|0:.	0|0:.	0|0:.	0|0:.	0|0:.	0|0:.	0|0:.	0|0:.	0|0:.	0|0:.	0|0:.	0|0:.	0|0:.	0|1:1	0|0:.	0|0:.	0|0:.	0|0:.	0|0:.	0|0:.	0|0:.	0|0:.	0|0:.	0|0:.	0|0:.	0|0:.	0|0:.	0|0:.	0|0:.	0|0:.	0|0:.	0|0:.	0|0:.	0|0:.	0|0:.	0|0:.	0|0:.	0|0:.	0|0:.	0|0:.	0|0:.	0|0:.	0|0:.	0|0:.	0|0:.	0|0:.	0|0:.	0|0:.	0|0:.	0|0:.	0|0:.	0|0:.	0|0:.	0|0:.	0|0:.	0|0:.	0|0:.	0|0:.	0|0:.	0|0:.	0|0:.	0|0:.	0|0:.	0|0:.	0|0:.	0|0:.	0|0:.	0|0:.	0|0:.	0|0:.	0|0:.	0|0:.	0|0:.	0|0:.	0|0:.	0|0:.	0|0:.	0|0:.	0|0:.	0|0:.	0|0:.	0|0:.	0|0:.	0|0:.	0|0:.	0|0:.	0|0:.	0|0:.	0|0:.	0|0:.	0|0:.	0|0:.	0|0:.	0|0:.	0|0:.	0|0:.	0|0:.	0|0:.	0|0:.	0|0:.	0|0:.	0|0:.	0|0:.	0|0:.	0|0:.	0|0:.	0|0:.	0|0:.	0|0:.	0|0:.	0|0:.	0|0:.	0|0:.	0|0:.	0|0:.	0|0:.	0|0:.	0|0:.	0|0:.	0|0:.	0|0:.	0|0:.	0|0:.	0|0:.	0|0:.	0|0:.	0|0:.	0|0:.	0|0:.	0|0:.	0|0:.	0|0:.	0|0:.	0|0:.	0|0:.	0|0:.	0|0:.	0|0:.	0|0:.	0|0:.	0|0:.	0|0:.	0|0:.	0|0:.	0|0:.	0|0:.	0|0:.	0|0:.	0|0:.	0|0:.	0|0:.	0|0:.	0|0:.	0|0:.	0|0:.	0|0:.	0|0:.	0|0:.	0|0:.	0|0:.	0|0:.	0|0:.	0|0:.	0|0:.	0|0:.	0|0:.	0|0:.	0|0:.	0|0:.	0|0:.	0|0:.	0|0:.	0|0:.	0|0:.	0|0:.	0|0:.	0|0:.	0|0:.	0|0:.	0|0:.	0|0:.	0|0:.	0|0:.	0|0:.	0|0:.	1|0:1	0|0:.	0|0:.	0|0:.	0|0:.	0|0:.	0|0:.	0|0:.	0|0:.	0|0:.	0|0:.	0|0:.	0|0:.	0|0:.	0|0:.	0|0:.	0|0:.	0|0:.	0|0:.	0|0:.	0|0:.	0|0:.	0|0:.	0|0:.	0|0:.	0|0:.	0|0:.	0|0:.	0|0:.	0|0:.	0|0:.	0|0:.	0|0:.	0|0:.	0|0:.	0|0:.	0|0:.	0|0:.	0|0:.	0|0:.	0|0:.	0|0:.	0|0:.	0|0:.	0|0:.	0|0:.	0|0:.	0|0:.	0|0:.	0|0:.	0|0:.	0|0:.	0|0:.	0|0:.	0|0:.	0|0:.	0|0:.	0|0:.	0|0:.	0|0:.	0|0:.	0|0:.	0|0:.	0|0:.	0|0:.	0|0:.	0|0:.	0|0:.	0|0:.	0|0:.	0|0:.	0|0:.	0|0:.	0|0:.	0|0:.	0|0:.	0|0:.	0|0:.	0|0:.	0|0:.	0|0:.	0|0:.	0|0:.	0|0:.	0|0:.	0|0:.	0|0:.	0|0:.	0|0:.	0|0:.	0|0:.	0|0:.	0|0:.	0|0:.	0|0:.	0|0:.	0|0:.	0|0:.	0|0:.	0|0:.	0|0:.	0|0:.	0|0:.	0|0:.	0|0:.	0|0:.	0|0:.	0|0:.	0|0:.	0|0:.	0|0:.	0|0:.	0|0:.	0|0:.	0|0:.	0|0:.	0|0:.	0|0:.	0|0:.	0|0:.	0|0:.	0|0:.	0|0:.	0|0:.	0|0:.	0|0:.	0|0:.	0|0:.	0|0:.	0|0:.	0|0:.	0|0:.	0|0:.	0|0:.	0|0:.	0|0:.	0|0:.	0|0:.	0|0:.	0|0:.	0|0:.	0|0:.	0|0:.	0|0:.	0|0:.	0|0:.	0|0:.	0|0:.	0|0:.	0|0:.	0|0:.	0|0:.	0|0:.	0|0:.	0|0:.	0|0:.	0|0:.	0|0:.	0|0:.	0|0:.	0|0:.	0|0:.	0|0:.	0|0:.	0|0:.	0|0:.	0|0:.	0|0:.	0|0:.	0|0:.	0|0:.	0|0:.	0|0:.	0|0:.	0|0:.	0|0:.	0|0:.	0|0:.	0|0:.	0|0:.	0|0:.	0|0:.	0|0:.	0|0:.	0|0:.	0|0:.	0|0:.	0|0:.	0|0:.	0|0:.	0|0:.	0|0:.	0|0:.	0|0:.	0|0:.	0|0:.	0|0:.	0|0:.	0|0:.	0|0:.	0|0:.	0|0:.	0|0:.	0|0:.	0|0:.	0|0:.	0|0:.	0|0:.	0|0:.	0|0:.	0|0:.	0|0:.	0|0:.	0|0:.	0|0:.	0|0:.	0|0:.	0|0:.	0|0:.	0|0:.	0|0:.	0|0:.	0|0:.	0|0:.	0|0:.	0|0:.	0|0:.	0|0:.	0|0:.	0|0:.	0|0:.	0|0:.	0|0:.	0|0:.	0|0:.	0|0:.	0|0:.	0|0:.	0|0:.	0|0:.	0|0:.	0|0:.	0|0:.	0|0:.	0|0:.	0|0:.	0|0:.	0|0:.	0|0:.	0|0:.	0|0:.	0|0:.	0|0:.	0|0:.	0|0:.	0|0:.	0|0:.	0|0:.	0|0:.	0|0:.	0|0:.	0|0:.	0|0:.	0|0:.	0|0:.	0|0:.	0|0:.	0|0:.	0|0:.	0|0:.	0|0:.	0|0:.	0|0:.	0|0:.	0|0:.	0|0:.	0|0:.	0|0:.	0|0:.	0|0:.	0|0:.	0|0:.	0|0:.	0|0:.	0|0:.	0|0:.	0|0:.	0|0:.	0|0:.	0|0:.	0|0:.	0|0:.	0|0:.	0|0:.	0|0:.	0|0:.	0|0:.	0|0:.	0|0:.	0|0:.	0|0:.	0|0:.	0|0:.	0|0:.	0|0:.	0|0:.	0|0:.	0|0:.	0|0:.	0|0:.	0|0:.	0|0:.	0|0:.	0|0:.	0|0:.	0|0:.	0|0:.	0|0:.	0|0:.	0|0:.	0|0:.	0|0:.	0|0:.	0|0:.	0|0:.	0|0:.	0|0:.	0|0:.	0|0:.	0|0:.	0|0:.	0|0:.	0|0:.	0|0:.	0|0:.	0|0:.	0|0:.	0|0:.	0|0:.	0|0:.	0|0:.	0|0:.	0|0:.	0|0:.	0|0:.	0|0:.	0|0:.	0|0:.	0|0:.	0|0:.	0|0:.	0|0:.	0|0:.	0|0:.	0|0:.	0|0:.	0|0:.	0|0:.	0|0:.	0|0:.	0|0:.	0|0:.	0|0:.	0|0:.	0|0:.	0|0:.	0|0:.	0|0:.	0|0:.	0|0:.	0|0:.	0|0:.	0|0:.	0|0:.	0|0:.	0|0:.	0|0:.	0|0:.	0|0:.	0|0:.	0|0:.	0|0:.	0|0:.	0|0:.	0|0:.	0|0:.	0|0:.	0|0:.	0|0:.	0|0:.	0|0:.	0|0:.	0|0:.	0|0:.	0|0:.	0|0:.	0|0:.	0|0:.	0|0:.	0|0:.	0|0:.	0|0:.	0|0:.	0|0:.	0|0:.	0|0:.	0|0:.	0|0:.	0|0:.	0|0:.	0|0:.	0|0:.	0|0:.	0|0:.	0|0:.	0|0:.	0|0:.	0|0:.	0|0:.	0|0:.	0|0:.	0|0:.	0|0:.	0|0:.	0|0:.	0|0:.	0|0:.	0|0:.	0|0:.	0|0:.	0|0:.	0|0:.	0|0:.	0|0:.	0|0:.	0|0:.	0|0:.	0|0:.	0|0:.	0|0:.	0|0:.	0|0:.	0|0:.	0|0:.	0|0:.	0|0:.	0|0:.	0|0:.	0|0:.	0|0:.	0|0:.	0|0:.	0|0:.	0|0:.	0|0:.	0|0:.	0|0:.	0|0:.	0|0:.	0|0:.	0|0:.	0|0:.	0|0:.	0|0:.	0|0:.	0|0:.	0|0:.	0|0:.	0|0:.	0|0:.	0|0:.	0|0:.	0|0:.	0|0:.	0|0:.	0|0:.	0|0:.	0|0:.	0|0:.	0|0:.	0|0:.	0|0:.	0|0:.	0|0:.	0|0:.	0|0:.	0|0:.	0|0:.	0|0:.	0|0:.	0|0:.	0|0:.	0|0:.	0|0:.	0|0:.	0|0:.	0|0:.	0|0:.	0|0:.	0|0:.	0|0:.	0|0:.	0|0:.	0|0:.	0|0:.	0|0:.	0|0:.	0|0:.	0|0:.	0|0:.	0|0:.	0|0:.	0|0:.	0|0:.	0|0:.	0|0:.	0|0:.	0|0:.	0|0:.	0|0:.	0|0:.	0|0:.	0|0:.	0|0:.	0|0:.	0|0:.	0|0:.	0|0:.	0|0:.	0|0:.	0|0:.	0|0:.	0|0:.	0|0:.	0|0:.	0|0:.	0|0:.	0|0:.	0|0:.	0|0:.	0|0:.	0|0:.	0|0:.	0|0:.	0|0:.	0|0:.	0|0:.	0|0:.	0|0:.	0|0:.	0|0:.	0|0:.	0|0:.	0|0:.	0|0:.	0|0:.	0|0:.	0|0:.	0|0:.	0|0:.	0|0:.	0|0:.	0|0:.	0|0:.	0|0:.	0|0:.	0|0:.	0|0:.	0|0:.	0|0:.	0|0:.	0|0:.	0|0:.	0|0:.	0|0:.	0|0:.	0|0:.	0|0:.	0|0:.	0|0:.	0|0:.	0|0:.	0|0:.	0|0:.	0|0:.	0|0:.	0|0:.	0|0:.	0|0:.	0|0:.	0|0:.	0|0:.	0|0:.	0|0:.	0|0:.	0|0:.	0|0:.	0|0:.	0|0:.	0|0:.	0|0:.	0|0:.	0|0:.	0|0:.	0|0:.	0|0:.	0|0:.	0|0:.	0|0:.	0|0:.	0|0:.	0|0:.	0|0:.	0|0:.	0|0:.	0|0:.	0|0:.	0|0:.	0|0:.	0|0:.	0|0:.	0|0:.	0|0:.	0|0:.	0|0:.	0|0:.	0|0:.	0|0:.	0|0:.	0|0:.	0|0:.	0|0:.	0|0:.	0|0:.	0|0:.	0|0:.	0|0:.	0|0:.	0|0:.	0|0:.	0|0:.	0|0:.	0|0:.	0|0:.	0|0:.	0|0:.	0|0:.	0|0:.	0|0:.	0|0:.	0|0:.	0|0:.	0|0:.	0|0:.	0|0:.	0|0:.	0|0:.	0|0:.	0|0:.	0|0:.	0|0:.	0|0:.	0|0:.	0|0:.	0|0:.	0|0:.	0|0:.	0|0:.	0|0:.	0|0:.	0|0:.	0|0:.	0|0:.	0|0:.	0|0:.	0|0:.	0|0:.	0|0:.	0|0:.	0|0:.	0|0:.	0|0:.	0|0:.	0|0:.	0|0:.	0|0:.	0|0:.	0|0:.	0|0:.	0|0:.	0|0:.	0|0:.	0|0:.	0|0:.	0|0:.	0|0:.	0|0:.	0|0:.	0|0:.	0|0:.	0|0:.	0|0:.	0|0:.	0|0:.	0|0:.	0|0:.	0|0:.	0|0:.	0|0:.	0|0:.	0|0:.	0|0:.	0|0:.	0|0:.	0|0:.	0|0:.	0|0:.	0|0:.	0|0:.	0|0:.	0|0:.	0|0:.	0|0:.	0|0:.	0|0:.	0|0:.	0|0:.	0|0:.	0|0:.	0|0:.	0|0:.	0|0:.	0|0:.	0|0:.	0|0:.	0|0:.	0|0:.	0|0:.	0|0:.	0|0:.	0|0:.	0|0:.	0|0:.	0|0:.	0|0:.	0|0:.	0|0:.	0|0:.	0|0:.	0|0:.	0|0:.	0|0:.	0|0:.	0|0:.	0|0:.	0|0:.	0|0:.	0|0:.	0|0:.	0|0:.	0|0:.	0|0:.	0|0:.	0|0:.	0|0:.	0|0:.	0|0:.	0|0:.	0|0:.	0|0:.	0|0:.	0|0:.	0|0:.	0|0:.	0|0:.	0|0:.	0|0:.	0|0:.	0|0:.	0|0:.	0|0:.	0|0:.	0|0:.	0|0:.	0|0:.	0|0:.	0|0:.	0|0:.	0|0:.	0|0:.	0|0:.	0|0:.	0|0:.	0|0:.	0|0:.	0|0:.	0|0:.	0|0:.	0|0:.	0|0:.	0|0:.	0|0:.	0|0:.	0|0:.	0|0:.	0|0:.	0|0:.	0|0:.	0|0:.	0|0:.	0|0:.	0|0:.	0|0:.	0|0:.	0|0:.	0|0:.	0|0:.	0|0:.	0|0:.	0|0:.	0|0:.	0|0:.	0|0:.	0|0:.	0|0:.	0|0:.	0|0:.	0|0:.	0|0:.	0|0:.	0|0:.	0|0:.	0|0:.	0|0:.	0|0:.	0|0:.	0|0:.	0|0:.	0|0:.	0|0:.	0|0:.	0|0:.	0|0:.	0|0:.	0|0:.	0|0:.	0|0:.	0|0:.	0|0:.	0|0:.	0|0:.	0|0:.	0|0:.	0|0:.	0|0:.	0|0:.	0|0:.	0|0:.	0|0:.	0|0:.	0|0:.	0|0:.	0|0:.	0|0:.	0|0:.	0|0:.	0|0:.	0|0:.	0|0:.	0|0:.	0|0:.	0|0:.	0|0:.	0|0:.	0|0:.	0|0:.	0|0:.	0|0:.	0|0:.	0|0:.	0|0:.	0|0:.	0|0:.	0|0:.	0|0:.	0|0:.	0|0:.	0|0:.	0|0:.	0|0:.	0|0:.	0|0:.	0|0:.	0|0:.	0|0:.	0|0:.	0|0:.	0|0:.	0|0:.	0|0:.	0|0:.	0|0:.	0|0:.	0|0:.	0|0:.	0|0:.	0|0:.	0|0:.	0|0:.	0|0:.	0|0:.	0|0:.	0|0:.	0|0:.	0|0:.	0|0:.	0|0:.	0|0:.	0|0:.	0|0:.	0|0:.	0|0:.	0|0:.	0|0:.	0|0:.	0|0:.	0|0:.	0|0:.	0|0:.	0|0:.	0|0:.	0|0:.	0|0:.	0|0:.	0|0:.	0|0:.	0|0:.	0|0:.	0|0:.	0|0:.	0|0:.	0|0:.	0|0:.	0|0:.	0|0:.	0|0:.	0|0:.	0|0:.	0|0:.	0|0:.	0|0:.	0|0:.	0|0:.	0|0:.	0|0:.	0|0:.	0|0:.	0|0:.	0|0:.	0|0:.	0|0:.	0|0:.	0|0:.	0|0:.	0|0:.	0|0:.	0|0:.	0|0:.	0|0:.	0|0:.	0|0:.	0|0:.	0|0:.	0|0:.	0|0:.	0|0:.	0|0:.	0|0:.	0|0:.	0|0:.	0|0:.	0|0:.	0|0:.	0|0:.	0|0:.	0|0:.	0|0:.	0|0:.	0|0:.	0|0:.	0|0:.	0|0:.	0|0:.	0|0:.	0|0:.	0|0:.	0|0:.	0|0:.	0|0:.	0|0:.	0|0:.	0|0:.	0|0:.	0|0:.	0|0:.	0|0:.	0|0:.	0|0:.	0|0:.	0|0:.	0|0:.	0|0:.	0|0:.	0|0:.	0|0:.	0|0:.	0|0:.	0|0:.	0|0:.	0|0:.	0|0:.	0|0:.	0|0:.	0|0:.	0|0:.	0|0:.	0|0:.	0|0:.	0|0:.	0|0:.	0|0:.	0|0:.	0|0:.	0|0:.	0|0:.	0|0:.	0|0:.	0|0:.	0|0:.	0|0:.	0|0:.	0|0:.	0|0:.	0|0:.	0|0:.	0|0:.	0|0:.	0|0:.	0|0:.	0|0:.	0|0:.	0|0:.	0|0:.	0|0:.	0|0:.	0|0:.	0|0:.	0|0:.	0|0:.	0|0:.	0|0:.	0|0:.	0|0:.	0|0:.	0|0:.	0|0:.	0|0:.	0|0:.	0|0:.	0|0:.	0|0:.	0|0:.	0|0:.	0|0:.	0|0:.	0|0:.	0|0:.	0|0:.	0|0:.	0|0:.	0|0:.	0|0:.	0|0:.	0|0:.	0|0:.	0|0:.	0|0:.	0|0:.	0|0:.	0|0:.	0|0:.	0|0:.	0|0:.	0|0:.	0|0:.	0|0:.	0|0:.	0|0:.	0|0:.	0|0:.	0|0:.	0|0:.	0|0:.	0|0:.	0|0:.	0|0:.	0|0:.	0|0:.	0|0:.	0|0:.	0|0:.	0|0:.	0|0:.	0|0:.	0|0:.	0|0:.	0|0:.	0|0:.	0|0:.	0|0:.	0|0:.	0|0:.	0|0:.	0|0:.	0|0:.	0|0:.	0|0:.	0|0:.	0|0:.	0|0:.	0|0:.	0|0:.	0|0:.	0|0:.	0|0:.	0|0:.	0|0:.	0|0:.	0|0:.	0|0:.	0|0:.	0|0:.	0|0:.	0|0:.	0|0:.	0|0:.	0|0:.	0|0:.	0|0:.	0|0:.	0|0:.	0|0:.	0|0:.	0|0:.	0|0:.	0|0:.	0|0:.	0|0:.	0|0:.	0|0:.	0|0:.	0|0:.	0|0:.	0|0:.	0|0:.	0|0:.	0|0:.	0|0:.	0|0:.	0|0:.	0|0:.	0|0:.	0|0:.	0|0:.	0|0:.	0|0:.	0|0:.	0|0:.	0|0:.	0|0:.	0|0:.	0|0:.	0|0:.	0|0:.	0|0:.	0|0:.	0|0:.	0|0:.	0|0:.	0|0:.	0|0:.	0|0:.	0|0:.	0|0:.	0|0:.	0|0:.	0|0:.	0|0:.	0|0:.	0|0:.	0|0:.	0|0:.	0|0:.	0|0:.	0|0:.	0|0:.	0|0:.	0|0:.	0|0:.	0|0:.	0|0:.	0|0:.	0|0:.	0|0:.	0|0:.	0|0:.	0|0:.	0|0:.	0|0:.	0|0:.	0|0:.	0|0:.	0|0:.	0|0:.	0|0:.	0|0:.	0|0:.	0|0:.	0|0:.	0|0:.	0|0:.	0|0:.	0|0:.	0|0:.	0|0:.	0|0:.	0|0:.	0|0:.	0|0:.	0|0:.	0|0:.	0|0:.	0|0:.	0|0:.	0|0:.	0|0:.	0|0:.	0|0:.	0|0:.	0|0:.	0|0:.	0|0:.	0|0:.	0|0:.	0|0:.	0|0:.	0|0:.	0|0:.	0|0:.	0|0:.	0|0:.	0|0:.	0|0:.	0|0:.	0|0:.	0|0:.	0|0:.	0|0:.	0|0:.	0|0:.	0|0:.	0|0:.	0|0:.	0|0:.	0|0:.	0|0:.	0|0:.	0|0:.	0|0:.	0|0:.	0|0:.	0|0:.	0|0:.	0|0:.	0|0:.	0|0:.	0|0:.	0|0:.	0|0:.	0|0:.	0|0:.	0|0:.	0|0:.	0|0:.	0|0:.	0|0:.	0|0:.	0|0:.	0|0:.	0|0:.	0|0:.	0|0:.	0|0:.	0|0:.	0|0:.	0|0:.	0|0:.	0|0:.	0|0:.	0|0:.	0|0:.	0|0:.	0|0:.	0|0:.	0|0:.	0|0:.	0|0:.	0|0:.	0|0:.	0|0:.	0|0:.	0|0:.	0|0:.	0|0:.	0|0:.	0|0:.	0|0:.	0|0:.	0|0:.	0|0:.	0|0:.	0|0:.	0|0:.	0|0:.	0|0:.	0|0:.	0|0:.	0|0:.	0|0:.	0|0:.	0|0:.	0|0:.	0|0:.	0|0:.	0|0:.	0|0:.	0|0:.	0|0:.	0|0:.	0|0:.	0|0:.	0|0:.	0|0:.	0|0:.	0|0:.	0|0:.	0|0:.	0|0:.	0|0:.	0|0:.	0|0:.	0|0:.	0|0:.	0|0:.	0|0:.	0|0:.	0|0:.	0|0:.	0|0:.	0|0:.	0|0:.	0|0:.	0|0:.	0|0:.	0|0:.	0|0:.	0|0:.	0|0:.	0|0:.	0|0:.	0|0:.	0|0:.	0|0:.	0|0:.	0|0:.	0|0:.	0|0:.	0|0:.	0|0:.	0|0:.	0|0:.	0|0:.	0|0:.	0|0:.	0|0:.	0|0:.	0|0:.	0|0:.	0|0:.	0|0:.	0|0:.	0|0:.	0|0:.	0|0:.	0|0:.	0|0:.	0|0:.	0|0:.	0|0:.	0|0:.	0|0:.	0|0:.	0|0:.	0|0:.	0|0:.	0|0:.	0|0:.	0|0:.	0|0:.	0|0:.	0|0:.	0|0:.	0|0:.	0|0:.	0|0:.	0|0:.	0|0:.	0|0:.	0|0:.	0|0:.	0|0:.	0|0:.	0|0:.	0|0:.	0|0:.	0|0:.	0|0:.	0|0:.	0|0:.	0|0:.	0|0:.	0|0:.	0|0:.	0|0:.	0|0:.	0|0:.	0|0:.	0|0:.	0|0:.	0|0:.	0|0:.	0|0:.	0|0:.	0|0:.	0|0:.	0|0:.	0|0:.	0|0:.	0|0:.	0|0:.	0|0:.	0|0:.	0|0:.	0|0:.	0|0:.	0|0:.	0|0:.	0|0:.	0|0:.	0|0:.	0|0:.	0|0:.	0|0:.	0|0:.	0|0:.	0|0:.	0|0:.	0|0:.	0|0:.	0|0:.	0|0:.	0|0:.	0|0:.	0|0:.	0|0:.	0|0:.	0|0:.	0|0:.	0|0:.	0|0:.	0|0:.	0|0:.	0|0:.	0|0:.	0|0:.	0|0:.	0|0:.	0|0:.	0|0:.	0|0:.	0|0:.	0|0:.	0|0:.	0|0:.	0|0:.	0|0:.	0|0:.	0|0:.	0|0:.	0|0:.	0|0:.	0|0:.	0|0:.	0|0:.	0|0:.	0|0:.	0|0:.	0|0:.	0|0:.	0|0:.	0|0:.	0|0:.	0|0:.	0|0:.	0|0:.	0|0:.	0|0:.	0|0:.	0|0:.	0|0:.	0|0:.	0|0:.	0|0:.	0|0:.	0|0:.	0|0:.	0|0:.	0|0:.	0|0:.	0|0:.	0|0:.	0|0:.	0|0:.	0|0:.	0|0:.	0|0:.	0|0:.	0|0:.	0|0:.	0|0:.	0|0:.	0|0:.	0|0:.	0|0:.	0|0:.	0|0:.	0|0:.	0|0:.	0|0:.	0|0:.	0|0:.	0|0:.	0|0:.	0|0:.	0|0:.	0|0:.	0|0:.	0|0:.	0|0:.	0|0:.	0|0:.	0|0:.	0|0:.	0|0:.	0|0:.	0|0:.	0|0:.	0|0:.	0|0:.	0|0:.	0|0:.	0|0:.	0|0:.	0|0:.	0|0:.	0|0:.	0|0:.	0|0:.	0|0:.	0|0:.	0|0:.	0|0:.	0|0:.	0|0:.	0|0:.	0|0:.	0|0:.	0|0:.	0|0:.	0|0:.	0|0:.	0|0:.	0|0:.	0|0:.	0|0:.	0|0:.	0|0:.	0|0:.	0|0:.	0|0:.	0|0:.	0|0:.	0|0:.	0|0:.	0|0:.	0|0:.	0|0:.	0|0:.	0|0:.	0|0:.	0|0:.	0|0:.	0|0:.	0|0:.	0|0:.	0|0:.	0|0:.	0|0:.	0|0:.	0|0:.	0|0:.	0|0:.	0|0:.	0|0:.	0|0:.	0|0:.	0|0:.	0|0:.	0|0:.	0|0:.	0|0:.	0|0:.	0|0:.	0|0:.	0|0:.	0|0:.	0|0:.	0|0:.	0|0:.	0|0:.	0|0:.	0|0:.	0|0:.	0|0:.	0|0:.	0|0:.	0|0:.	0|0:.	0|0:.	0|0:.	0|0:.	0|0:.	0|0:.	0|0:.	0|0:.	0|0:.	0|0:.	0|0:.	0|0:.	0|0:.	0|0:.	0|0:.	0|0:.	0|0:.	0|0:.	0|0:.	0|0:.	0|0:.	0|0:.	0|0:.	0|0:.	0|0:.	0|0:.	0|0:.	0|0:.	0|0:.	0|0:.	0|0:.	0|0:.	0|0:.	0|0:.	0|0:.	0|0:.	0|0:.	0|0:.	0|0:.	0|0:.	0|0:.	0|0:.	0|0:.	0|0:.	0|0:.	0|0:.	0|0:.	0|0:.	0|0:.	0|0:.	0|0:.	0|0:.	0|0:.	0|0:.	0|0:.	0|0:.	0|0:.	0|0:.	0|0:.	0|0:.	0|0:.	0|0:.	0|0:.	0|0:.	0|0:.	0|0:.	0|0:.	0|0:.	0|0:.	0|0:.	0|0:.	0|0:.	0|0:.	0|0:.	0|0:.	0|0:.	0|0:.	0|0:.	0|0:.	0|0:.	0|0:.	0|0:.	0|0:.	0|0:.	0|0:.	0|0:.	0|0:.	0|0:.	0|0:.	0|0:.	0|0:.	0|0:.	0|0:.	0|0:.	0|0:.	0|0:.	0|0:.	0|0:.	0|0:.	0|0:.	0|0:.	0|0:.	0|0:.	0|0:.	0|0:.	0|0:.	0|0:.	0|0:.	0|0:.	0|0:.	0|0:.	0|0:.	0|0:.	0|0:.	0|0:.	0|0:.	0|0:.	0|0:.	0|0:.	0|0:.	0|0:.	0|0:.	0|0:.	0|0:.	0|0:.	0|0:.	0|0:.	0|0:.	0|0:.	0|0:.	0|0:.	0|0:.	0|0:.	0|0:.	0|0:.	0|0:.	0|0:.	0|0:.	0|0:.	0|0:.	0|0:.	0|0:.	0|0:.	0|0:.	0|0:.	0|0:.	0|0:.	0|0:.	0|0:.	0|0:.	0|0:.	0|0:.	0|0:.	0|0:.	0|0:.	0|0:.	0|0:.	0|0:.	0|0:.	0|0:.	0|0:.	0|0:.	0|0:.	0|0:.	0|0:.	0|0:.	0|0:.	0|0:.	0|0:.	0|0:.	0|0:.	0|0:.	0|0:.	0|0:.	0|0:.	0|0:.	0|0:.	0|0:.	0|0:.	0|0:.	0|0:.	0|0:.	0|0:.	0|0:.	0|0:.	0|0:.	0|0:.	0|0:.	0|0:.	0|0:.	0|0:.	0|0:.	0|0:.	0|0:.	0|0:.	0|0:.	0|0:.	0|0:.	0|0:.	0|0:.	0|0:.	0|0:.	0|0:.	0|0:.	0|0:.	0|0:.	0|0:.	0|0:.	0|0:.	0|0:.	0|0:.	0|0:.	0|0:.	0|0:.	0|0:.	0|0:.	0|0:.	0|0:.	0|0:.	0|0:.	0|0:.	0|0:.	0|0:.	0|0:.	0|0:.	0|0:.	0|0:.	0|0:.	0|0:.	0|0:.	0|0:.	0|0:.	0|0:.	0|0:.	0|0:.	0|0:.	0|0:.	0|0:.	0|0:.	0|0:.	0|0:.	0|0:.	0|0:.	0|0:.	0|0:.	0|0:.	0|0:.	0|0:.	0|0:.	0|0:.	0|0:.	0|0:.	0|0:.	0|0:.	0|0:.	0|0:.	0|0:.	0|0:.	0|0:.	0|0:.	0|0:.	0|0:.	0|0:.	0|0:.	0|0:.	0|0:.	0|0:.	0|0:.	0|0:.	0|0:.	0|0:.	0|0:.	0|0:.	0|0:.	0|0:.	0|0:.	0|0:.	0|0:.	0|0:.	0|0:.	0|0:.	0|0:.	0|0:.	0|0:.	0|0:.	0|0:.	0|0:.	0|0:.	0|0:.	0|0:.	0|0:.	0|0:.	0|0:.	0|0:.	0|0:.	0|0:.	0|0:.	0|0:.	0|0:.	0|0:.	0|0:.	0|0:.	0|0:.	0|0:.	0|0:.	0|0:.	0|0:.	0|0:.	0|0:.	0|0:.	0|0:.	0|0:.	0|0:.	0|0:.	0|0:.	0|0:.	0|0:.	0|0:.	0|0:.	0|0:.	0|0:.	0|0:.	0|0:.	0|0:.	0|0:.	0|0:.	0|0:.	0|0:.	0|0:.	0|0:.	0|0:.	0|0:.	0|0:.	0|0:.	0|0:.	0|0:.	0|0:.	0|0:.	0|0:.	0|0:.	0|0:.	0|0:.	0|0:.	0|0:.	0|0:.	0|0:.	0|0:.	0|1:1	0|0:.	0|0:.	0|0:.	0|0:.	0|0:.	0|0:.	0|0:.	0|0:.	0|0:.	0|0:.	0|0:.	0|0:.	0|0:.	0|0:.	0|0:.	0|0:.	0|0:.	0|0:.	0|0:.	0|0:.	0|0:.	0|0:.	0|0:.	0|0:.	0|0:.	0|0:.	0|0:.	0|0:.	0|0:.	0|0:.	0|0:.	0|0:.	0|0:.	1|0:1	0|0:.	0|0:.	0|0:.	0|0:.	0|0:.	0|0:.	0|0:.	0|0:.	0|0:.	0|0:.	0|0:.	0|0:.	0|0:.	0|0:.	0|0:.	0|0:.	0|0:.	0|0:.	0|0:.	0|0:.	0|0:.	0|0:.	0|0:.	0|0:.	0|0:.	0|0:.	0|0:.	0|0:.	0|0:.	0|0:.	0|0:.	0|0:.	0|0:.	0|0:.	0|0:.	0|0:.	0|0:.	0|0:.	0|0:.	0|0:.	0|0:.	0|0:.	0|0:.	0|0:.	0|0:.	0|0:.	0|0:.	0|0:.	0|0:.	0|0:.	0|0:.	0|0:.	0|0:.	0|0:.	0|0:.	0|0:.	0|0:.	0|0:.	0|0:.	0|0:.	0|0:.	0|0:.	0|0:.	0|0:.	0|0:.	0|0:.	0|0:.	0|0:.	0|0:.	0|0:.	0|0:.	0|0:.	0|0:.	0|0:.	0|0:.	0|0:.	0|0:.	0|0:.	0|0:.	0|0:.	0|0:.	0|0:.	0|0:.	0|0:.	0|0:.	0|0:.	0|0:.	0|0:.	0|0:.	0|0:.	0|0:.	0|0:.	0|0:.	0|0:.	0|0:.	0|0:.	0|0:.	0|0:.	0|0:.	0|0:.	0|0:.	0|0:.	0|0:.	0|0:.	0|0:.	0|0:.	0|0:.	0|0:.	0|0:.	0|0:.	0|0:.	0|0:.	0|0:.	0|0:.	0|0:.	0|0:.	0|0:.	0|0:.	0|0:.	0|0:.	0|0:.	0|0:.	0|0:.	0|0:.	0|0:.	0|0:.	0|0:.	0|0:.	0|0:.	0|0:.	0|0:.	0|0:.	0|0:.	0|0:.	0|0:.	0|0:.	0|0:.	0|0:.	0|0:.	1|0:1	0|0:.	0|0:.	0|0:.	0|0:.	0|0:.	0|0:.	0|0:.	0|0:.	0|0:.	0|0:.	0|0:.	0|0:.	0|0:.	0|0:.	0|0:.	0|0:.	0|0:.	0|0:.	0|0:.	0|0:.	0|0:.	0|0:.	0|0:.	0|0:.	0|0:.	0|0:.	0|0:.	0|0:.	0|0:.	0|0:.	0|0:.	0|0:.	0|0:.	0|0:.	0|0:.	0|0:.	0|0:.	0|0:.	0|0:.	0|0:.	0|0:.	0|0:.	0|0:.	0|0:.	0|0:.	0|0:.	0|0:.	0|0:.	0|0:.	0|0:.	0|0:.	0|0:.	0|0:.	0|0:.	0|0:.	0|0:.	0|0:.	0|0:.	0|0:.	0|0:.	0|0:.	0|0:.	0|0:.	0|0:.	0|0:.	0|0:.	0|0:.	0|0:.	0|0:.	0|0:.	0|0:.	0|0:.	0|0:.	0|0:.	0|0:.	0|0:.	0|0:.	0|0:.	0|0:.	0|0:.	0|0:.	0|0:.	0|0:.	0|0:.	0|0:.	0|0:.	0|0:.	0|0:.	0|0:.	0|0:.	0|0:.	0|0:.	0|0:.	0|0:.	0|0:.	0|0:.	0|0:.	0|0:.	0|0:.	0|0:.	0|0:.	0|0:.	0|0:.	0|0:.	0|0:.	0|0:.	0|0:.	0|0:.	0|0:.	0|0:.	0|0:.	0|0:.	0|0:.	0|0:.	0|0:.	0|0:.	0|0:.	0|0:.	0|0:.	0|0:.	0|0:.	0|0:.	0|0:.	0|0:.	0|0:.	0|0:.	0|0:.	0|0:.	0|0:.	0|0:.	0|0:.	0|0:.	0|0:.	0|0:.	0|0:.	0|0:.	0|0:.	0|0:.	0|0:.	0|0:.	0|0:.	0|0:.	0|0:.	0|0:.	0|0:.	0|0:.	0|0:.	0|0:.	0|0:.	0|0:.	0|0:.	0|0:.	0|0:.	0|0:.	0|0:.	0|0:.	0|0:.	0|0:.	0|0:.	0|0:.	0|0:.	0|0:.	0|0:.	0|0:.	0|0:.	0|0:.	0|0:.	0|0:.	0|0:.	0|0:.	0|0:.	0|0:.	0|0:.	0|0:.	0|0:.	0|0:.	0|0:.	0|0:.	0|0:.	0|0:.	0|0:.	0|0:.	0|0:.	0|0:.	0|0:.	0|0:.	0|0:.	0|0:.	0|0:.	0|0:.	0|0:.	0|0:.	0|0:.	0|0:.	0|0:.	0|0:.	0|0:.	0|0:.	0|0:.	0|0:.	0|0:.	0|0:.	0|0:.	0|0:.	0|0:.	0|0:.	0|0:.	0|0:.	0|0:.	0|0:.	0|0:.	0|0:.	0|0:.	0|0:.	0|0:.	0|0:.	0|0:.	0|0:.	0|0:.	0|0:.	0|0:.	0|0:.	0|0:.	0|0:.	0|0:.	0|0:.	0|0:.	0|0:.	0|0:.	0|0:.	0|0:.	0|0:.	0|0:.	0|0:.	0|0:.	0|0:.	0|0:.	0|0:.	0|0:.	0|0:.	0|0:.	0|0:.	0|0:.	0|0:.	0|0:.	0|0:.	0|0:.	0|0:.	0|0:.	0|0:.	0|0:.	0|0:.	0|0:.	0|0:.	0|0:.	0|0:.	0|0:.	0|0:.	0|0:.	0|0:.	0|0:.	0|0:.	0|0:.	0|0:.	0|0:.	0|0:.	0|0:.	0|0:.	0|0:.	0|0:.	0|0:.	0|0:.	0|0:.	0|0:.	0|0:.	0|0:.	0|0:.	0|0:.	0|0:.	0|0:.	0|0:.	0|0:.	0|0:.	0|0:.	0|0:.	0|0:.	0|0:.	0|0:.	0|0:.	0|0:.	0|0:.	0|0:.	0|0:.	0|0:.	0|0:.	0|0:.	0|0:.	0|0:.	0|0:.	0|0:.	0|0:.	0|0:.	0|0:.	0|0:.	0|0:.	0|0:.	0|0:.	0|0:.	0|0:.	0|0:.	0|0:.	0|0:.	0|0:.	0|0:.	0|0:.	0|0:.	0|0:.	0|0:.	0|0:.	0|0:.	0|0:.	0|0:.	0|0:.	0|0:.	0|0:.	0|0:.	0|0:.	0|0:.	0|0:.	0|0:.	0|0:.	0|0:.	0|0:.	0|0:.	0|0:.	0|0:.	0|0:.	0|0:.	0|0:.	0|0:.	0|0:.	0|0:.	0|0:.	0|0:.	0|0:.	0|0:.	0|0:.	0|0:.	0|0:.	0|0:.	0|0:.	0|0:.	0|0:.	0|0:.	0|0:.	0|0:.	0|0:.	0|0:.	0|0:.	0|0:.	0|0:.	0|0:.	0|0:.	0|0:.	0|0:.	0|0:.	0|0:.	0|0:.	0|0:.	0|0:.	0|0:.	0|0:.	0|0:.	0|0:.	0|0:.	0|0:.	0|0:.	0|0:.	0|0:.	0|0:.	0|0:.	0|0:.	0|0:.	0|0:.	0|0:.	0|0:.	0|0:.	0|0:.	0|0:.	0|0:.	0|0:.	0|0:.	0|0:.	0|0:.	0|0:.	0|0:.	0|0:.	0|0:.	0|0:.	0|0:.	0|0:.	0|0:.	0|0:.	0|0:.	0|0:.	0|0:.	0|0:.	0|0:.	0|0:.	0|0:.	0|0:.	0|0:.	0|0:.	0|0:.
chr22	16050020	.	A	G	.	.	AC=2;AN=8182	GT:PP	0|0:.	0|0:.	0|0:.	0|0:.	0|0:.	0|0:.	0|0:.	0|0:.	0|0:.	0|0:.	0|0:.	0|0:.	0|0:.	0|0:.	0|0:.	0|0:.	0|0:.	0|0:.	0|0:.	0|0:.	0|0:.	0|0:.	0|0:.	0|0:.	0|0:.	0|0:.	0|0:.	0|0:.	0|0:.	0|0:.	0|0:.	0|0:.	0|0:.	0|0:.	0|0:.	0|0:.	0|0:.	0|0:.	0|0:.	0|0:.	0|0:.	0|0:.	0|0:.	0|0:.	0|0:.	0|0:.	0|0:.	0|0:.	0|0:.	0|0:.	0|0:.	0|0:.	0|0:.	0|0:.	0|0:.	0|0:.	0|0:.	0|0:.	0|0:.	0|0:.	0|0:.	0|0:.	0|0:.	0|0:.	0|0:.	0|0:.	0|0:.	0|0:.	0|0:.	0|0:.	0|0:.	0|0:.	0|0:.	0|0:.	0|0:.	0|0:.	0|0:.	0|0:.	0|0:.	0|0:.	0|0:.	0|0:.	0|0:.	0|0:.	0|0:.	0|0:.	0|0:.	0|0:.	0|0:.	0|0:.	0|0:.	0|0:.	0|0:.	0|0:.	0|0:.	0|0:.	0|0:.	0|0:.	0|0:.	0|0:.	0|0:.	0|0:.	0|0:.	0|0:.	0|0:.	0|0:.	0|0:.	0|0:.	0|0:.	0|0:.	0|0:.	0|0:.	0|0:.	0|0:.	0|0:.	0|0:.	0|0:.	0|0:.	0|0:.	0|0:.	0|0:.	0|0:.	0|0:.	0|0:.	0|0:.	0|0:.	0|0:.	0|0:.	0|0:1	0|0:.	0|0:.	0|0:.	0|0:.	0|0:.	0|0:.	0|0:.	0|0:.	0|0:.	0|0:.	0|0:.	0|0:.	0|0:.	0|0:.	0|0:.	0|0:.	0|0:.	0|0:.	0|0:.	0|0:.	0|0:.	0|0:.	0|0:.	0|0:.	0|0:1	0|0:.	0|0:.	0|0:.	0|0:.	0|0:.	0|0:.	0|0:.	0|0:.	0|0:.	0|0:.	0|0:.	0|0:.	0|0:.	0|0:.	0|0:.	0|0:.	0|0:.	0|0:.	0|0:.	0|0:.	0|0:.	0|0:.	0|0:.	0|0:.	0|0:.	0|0:.	0|0:.	0|0:.	0|0:.	0|0:.	0|0:.	0|0:.	0|0:.	0|0:.	0|0:.	0|0:.	0|0:.	0|0:.	0|0:.	0|0:.	0|0:.	0|0:.	0|0:.	0|0:.	0|0:.	0|0:.	0|0:.	0|0:.	0|0:.	0|0:.	0|0:.	0|0:.	0|0:.	0|0:.	0|0:.	0|0:.	0|0:.	0|0:.	0|0:.	0|0:.	0|0:.	0|0:.	0|0:.	0|0:.	0|0:.	0|0:.	0|0:.	0|0:.	0|0:.	0|0:.	0|0:.	0|0:.	0|0:.	0|0:.	0|0:.	0|0:.	0|0:.	0|0:.	0|0:.	0|0:.	0|0:.	0|0:.	0|0:.	0|0:.	0|0:.	0|0:.	0|0:.	0|0:.	0|0:.	0|0:.	0|0:.	0|0:1	0|0:.	0|0:.	0|0:.	0|0:.	0|0:.	0|0:.	0|0:.	0|0:.	0|0:.	0|0:.	0|0:.	0|0:.	0|0:.	0|0:.	0|0:.	0|0:.	0|0:.	0|0:.	0|0:.	0|0:.	0|0:.	0|0:.	0|0:.	0|0:.	0|0:.	0|0:.	0|0:1	0|0:.	0|0:.	0|0:.	0|0:.	0|0:.	0|0:.	0|0:.	0|0:.	0|0:.	0|0:.	0|0:.	0|0:.	0|0:.	0|0:.	0|0:.	0|0:.	0|0:.	0|0:.	0|0:.	0|0:.	0|0:.	0|0:.	0|0:.	0|0:.	0|0:.	0|0:.	0|0:.	0|0:.	0|0:.	0|0:.	0|0:.	0|0:.	0|0:.	0|0:.	0|0:.	0|0:.	0|0:.	0|0:.	0|0:.	0|0:.	0|0:.	0|0:.	0|0:.	0|0:.	0|0:.	0|0:.	0|0:.	0|0:.	0|0:.	0|0:.	0|0:.	0|0:.	0|0:.	0|0:.	0|0:.	0|0:.	0|0:.	0|0:.	0|0:.	0|0:.	0|0:.	0|0:.	0|0:.	0|0:.	0|0:.	0|0:.	0|0:.	0|0:.	0|0:.	0|0:.	0|0:.	0|0:.	0|0:.	0|0:.	0|0:.	0|0:.	0|0:.	0|0:.	0|0:.	0|0:.	0|0:.	0|0:.	0|0:.	0|0:.	0|0:.	0|0:.	0|0:.	0|0:.	0|0:.	0|0:.	0|0:.	0|0:.	0|0:.	0|0:.	0|0:.	0|0:.	0|0:.	0|0:.	0|0:.	0|0:.	0|0:.	0|0:.	0|0:.	0|0:.	0|0:.	0|0:.	0|0:.	0|0:.	0|0:.	0|0:.	0|0:.	0|0:.	0|0:.	0|0:.	0|0:.	0|0:.	0|0:.	0|0:.	0|0:.	0|0:.	0|0:.	0|0:.	0|0:.	0|0:.	0|0:.	0|0:.	0|0:.	0|0:.	0|0:.	0|0:.	0|0:.	0|0:.	0|0:.	0|0:.	0|0:.	0|0:.	0|0:.	0|0:.	0|0:.	0|0:.	0|0:.	0|0:.	0|0:.	0|0:.	0|0:.	0|0:.	0|0:.	0|0:.	0|0:.	0|0:.	0|0:.	0|0:.	0|0:.	0|0:.	0|0:.	0|0:.	0|0:.	0|0:.	0|0:.	0|0:.	0|0:.	0|0:.	0|0:.	0|0:.	0|0:.	0|0:.	0|0:.	0|0:.	0|0:.	0|0:.	0|0:.	0|0:.	0|0:.	0|0:.	0|0:.	0|0:.	0|0:.	0|0:.	0|0:.	0|0:.	0|0:.	0|0:.	0|0:.	0|0:.	0|0:.	0|0:.	0|0:.	0|0:.	0|0:.	0|0:.	0|0:.	0|0:.	0|0:.	0|0:.	0|0:.	0|0:.	0|0:.	0|0:.	0|0:.	0|0:.	0|0:.	0|0:.	0|0:.	0|0:.	0|0:.	0|0:.	0|0:.	0|0:.	0|0:.	0|0:.	0|0:.	0|0:.	0|0:.	0|0:.	0|0:.	0|0:.	0|0:.	0|0:.	0|0:.	0|0:.	0|0:.	0|0:.	0|0:.	0|0:.	0|0:.	0|0:.	0|0:.	0|0:.	0|0:.	0|0:.	0|0:.	0|0:.	0|0:.	0|0:.	0|0:.	0|0:.	0|0:.	0|0:.	0|0:.	0|0:.	0|0:.	0|0:.	0|0:.	0|0:.	0|0:.	0|0:.	0|0:.	0|0:.	0|0:.	0|0:.	0|0:.	0|0:.	0|0:.	0|0:.	0|0:.	0|0:.	0|0:.	0|0:.	0|0:.	0|0:.	0|0:.	0|0:.	0|0:.	0|0:.	0|0:.	0|0:.	0|0:.	0|0:.	0|0:.	0|0:.	0|0:.	0|0:.	0|0:.	0|0:.	0|0:.	0|0:.	0|0:.	0|0:.	0|0:.	0|0:.	0|0:.	0|0:.	0|0:.	0|0:.	0|0:.	0|0:.	0|0:.	0|0:.	0|0:.	0|0:.	0|0:.	0|0:.	0|0:.	0|0:.	0|0:.	0|0:.	0|0:.	0|0:.	0|0:.	0|0:.	0|0:.	0|0:.	0|0:.	0|0:.	0|0:.	0|0:.	0|0:.	0|0:.	0|0:.	0|0:.	0|0:.	0|0:.	0|0:.	0|0:.	0|0:.	0|0:.	0|0:.	0|0:.	0|0:.	0|0:.	0|0:.	0|0:.	0|0:.	0|0:.	0|0:.	0|0:.	0|0:.	0|0:.	0|0:.	0|0:.	0|0:.	0|0:.	0|0:.	0|0:.	0|0:.	0|0:.	0|0:.	0|0:.	0|0:.	0|0:.	0|0:.	0|0:.	0|0:.	0|0:.	0|0:.	0|0:.	0|0:.	0|0:.	0|0:.	0|0:.	0|0:.	0|0:.	0|0:.	0|0:.	0|0:.	0|0:.	0|0:.	0|0:.	0|0:.	0|0:.	0|0:.	0|0:.	0|0:.	0|0:.	0|0:.	0|0:.	0|0:.	0|0:.	0|0:.	0|0:.	0|0:.	0|0:.	0|0:1	0|0:.	0|0:.	0|0:.	0|0:.	0|0:.	0|0:.	0|0:.	0|0:.	0|0:.	0|0:.	0|0:.	0|0:.	0|0:.	0|0:.	0|0:.	0|0:.	0|0:.	0|0:.	0|0:.	0|0:.	0|0:.	0|0:.	0|0:.	0|0:.	0|0:.	0|0:.	0|0:.	0|0:.	0|0:.	0|0:.	0|0:.	0|0:.	0|0:.	0|0:.	0|0:.	0|0:.	0|0:.	0|0:.	0|0:.	0|0:.	0|0:.	0|0:.	0|0:.	0|0:.	0|0:.	0|0:.	0|0:.	0|0:.	0|0:.	0|0:.	0|0:.	0|0:.	0|0:.	0|0:.	0|0:.	0|0:.	0|0:.	0|0:.	0|0:.	0|0:.	0|0:.	0|0:.	0|0:.	0|0:.	0|0:.	0|0:.	0|0:.	0|0:.	0|0:.	0|0:.	0|0:.	0|0:.	0|0:.	0|0:.	0|0:.	0|0:.	0|0:.	0|0:.	0|0:.	0|0:.	0|0:.	0|0:.	0|0:.	0|0:.	0|0:.	0|0:.	0|0:.	0|0:.	0|0:.	0|0:.	0|0:.	0|0:.	0|0:.	0|0:.	0|0:.	0|0:.	0|0:.	0|0:.	0|0:.	0|0:.	0|0:.	0|0:.	0|0:.	0|0:.	0|0:.	0|0:.	0|0:.	0|0:.	0|0:.	0|0:.	0|0:.	0|0:.	0|0:.	0|0:.	0|0:.	0|0:.	0|0:.	0|0:.	0|0:.	0|0:.	0|0:.	0|0:.	0|0:.	0|0:.	0|0:.	0|0:.	0|0:.	0|0:.	0|0:.	0|0:.	0|0:.	0|0:.	0|0:.	0|0:.	0|0:.	0|0:.	0|0:.	0|0:.	0|0:.	0|0:.	0|0:.	0|0:.	0|0:.	0|0:.	0|0:.	0|0:.	0|0:.	0|0:.	0|0:.	0|0:.	0|0:.	0|0:.	0|0:.	0|0:.	0|0:.	0|0:.	0|0:.	0|0:.	0|0:.	0|0:.	0|0:.	0|0:.	0|0:.	0|0:.	0|0:.	0|0:.	0|0:.	0|0:.	0|0:.	0|0:.	0|0:.	0|0:.	0|0:.	0|0:.	0|0:.	0|0:.	0|0:.	0|0:.	0|0:.	0|0:.	0|0:.	0|0:.	0|0:.	0|0:.	0|0:.	0|0:.	0|0:.	0|0:.	0|0:.	0|0:.	0|0:.	0|0:.	0|0:.	0|0:.	0|0:.	0|0:.	0|0:.	0|0:.	0|0:.	0|0:.	0|0:.	0|0:.	0|0:.	0|0:.	0|0:.	0|0:.	0|0:.	0|0:.	0|0:.	0|0:.	0|0:.	0|0:.	0|0:.	0|0:.	0|0:.	0|0:.	0|0:.	0|0:.	0|0:.	0|0:.	0|0:.	0|0:.	0|0:.	0|0:.	0|0:.	0|0:.	0|0:.	0|0:.	0|0:.	0|0:.	0|0:.	0|0:.	0|0:.	0|0:.	0|0:.	0|0:.	0|0:.	0|0:.	0|0:.	0|0:.	0|0:.	0|0:.	0|0:.	0|0:.	0|0:.	0|0:.	0|0:.	0|0:.	0|0:.	0|0:.	0|0:.	0|0:.	0|0:.	0|0:.	0|0:.	0|0:.	0|0:.	0|0:.	0|0:.	0|0:.	0|0:.	0|0:.	0|0:.	0|0:.	0|0:.	0|0:.	0|0:.	0|0:.	0|0:.	0|0:.	0|0:.	0|0:.	0|0:.	0|0:.	0|0:.	0|0:.	0|0:.	0|0:.	0|0:.	0|0:.	0|0:.	0|0:.	0|0:.	0|0:.	0|0:.	0|0:.	0|0:.	0|0:.	0|0:.	0|0:.	0|0:.	0|0:.	0|0:.	0|0:.	0|0:.	0|0:.	0|0:.	0|0:.	0|0:.	0|0:.	0|0:.	0|0:.	0|0:.	0|0:.	0|0:.	0|0:.	0|0:.	0|0:.	0|0:.	0|0:.	0|0:.	0|0:.	0|0:.	0|0:.	0|0:.	0|0:.	0|0:.	0|0:.	0|0:.	0|0:.	0|0:.	0|0:.	0|0:.	0|0:.	0|0:.	0|0:.	0|0:.	0|0:.	0|0:.	0|0:.	0|0:.	0|0:.	0|0:.	0|0:.	0|0:.	0|0:.	0|0:.	0|0:.	0|0:.	0|0:.	0|0:.	0|0:.	0|0:.	0|0:.	0|0:.	0|0:.	0|0:.	0|0:.	0|0:.	0|0:.	0|0:.	0|0:.	0|0:.	0|0:.	0|0:.	0|0:.	0|0:.	0|0:.	0|0:.	0|0:.	0|0:.	0|0:.	0|0:.	0|0:.	0|0:.	0|0:.	0|0:.	0|0:.	0|0:.	0|0:.	0|0:.	0|0:.	0|0:.	0|0:.	0|0:.	0|0:.	0|0:.	0|0:.	0|0:.	0|0:.	0|0:.	0|0:.	0|0:.	0|0:.	0|0:.	0|0:.	0|0:.	0|0:.	0|0:.	0|0:.	0|0:.	0|0:.	0|0:.	0|0:.	0|0:.	0|0:.	0|0:.	0|0:.	0|0:.	0|0:.	0|0:.	0|0:.	0|0:.	0|0:.	0|0:.	0|0:.	0|0:.	0|0:.	0|0:.	0|0:.	0|0:.	0|0:.	0|0:.	0|0:.	0|0:.	0|0:.	0|0:.	0|0:.	0|0:.	0|0:.	0|0:.	0|0:.	0|0:.	0|0:.	0|0:.	0|0:.	0|0:.	0|0:.	0|0:.	0|0:.	0|0:.	0|0:.	0|0:.	0|0:.	0|0:.	0|0:.	0|0:.	0|0:.	0|0:.	0|0:.	0|0:.	0|0:.	0|0:.	0|0:.	0|0:.	0|0:.	0|0:.	0|0:.	0|0:.	0|0:.	0|0:.	0|0:.	0|0:.	0|0:.	0|0:.	0|0:.	0|0:.	0|0:.	0|0:.	0|0:.	0|0:.	0|0:.	0|0:.	0|0:.	0|0:.	0|0:.	0|0:.	0|0:.	0|0:.	0|0:.	0|0:.	0|0:.	0|0:.	0|0:.	0|0:.	0|0:.	0|0:.	0|0:.	0|0:.	0|0:.	0|0:.	0|0:.	0|0:.	0|0:.	0|0:.	0|0:.	0|0:.	0|0:.	0|0:.	0|0:.	0|0:.	0|0:.	0|0:.	0|0:.	0|0:.	0|0:.	0|0:.	0|0:.	0|0:.	0|0:.	0|0:.	0|0:.	0|0:.	0|0:.	0|0:.	0|0:.	0|0:.	0|0:.	0|0:.	0|0:.	0|0:.	0|0:.	0|0:.	0|0:.	0|0:.	0|0:.	0|0:.	0|0:.	0|0:.	0|0:.	0|0:.	0|0:.	0|0:.	0|0:.	0|0:.	0|0:.	0|0:.	0|0:.	0|0:.	0|0:.	0|0:.	0|0:.	0|0:.	0|0:.	0|0:.	0|0:.	0|0:.	0|0:.	0|0:.	0|0:.	0|0:.	0|0:.	0|0:.	0|0:.	0|0:.	0|0:.	0|0:.	0|0:.	0|0:.	0|0:.	0|0:.	0|0:.	0|0:.	0|0:.	0|0:.	0|0:.	0|0:.	0|0:.	0|0:.	0|0:.	0|0:.	0|0:.	0|0:.	0|0:.	0|0:.	0|0:.	0|0:.	0|0:.	0|0:.	0|0:.	0|0:.	0|0:.	0|0:.	0|0:.	0|0:.	0|0:.	0|0:.	0|0:.	0|0:.	0|0:.	0|0:.	0|0:.	0|0:.	0|0:.	0|0:.	0|0:.	0|0:.	0|0:.	0|0:.	0|0:.	0|0:.	0|0:.	0|0:.	0|0:.	0|0:.	0|0:.	0|0:.	0|0:.	0|0:.	0|0:.	0|0:.	0|0:.	0|0:.	0|0:.	0|0:.	0|0:.	0|0:.	0|0:.	0|0:.	0|0:.	0|0:.	0|0:.	0|0:.	0|0:.	0|0:.	0|0:.	0|0:.	0|0:.	0|0:.	0|0:.	0|0:.	0|0:.	0|0:.	0|0:.	0|0:.	0|0:.	0|0:.	0|0:.	0|0:.	0|0:.	0|0:.	0|0:.	0|0:.	0|0:.	0|0:.	0|0:.	0|0:.	0|0:.	0|0:.	0|0:.	0|0:.	0|0:.	0|0:.	0|0:.	0|0:.	0|0:.	0|0:.	0|0:.	0|0:.	0|0:.	0|0:.	0|0:.	0|0:.	0|0:.	0|0:.	0|0:.	0|0:.	0|0:.	0|0:.	0|0:.	0|0:.	0|0:.	0|0:.	0|0:.	0|0:.	0|0:.	0|0:.	0|0:.	0|0:.	0|0:.	0|0:.	0|0:.	0|0:.	0|0:.	0|0:.	0|0:.	0|0:.	0|0:.	0|0:.	0|0:.	0|0:.	0|0:.	0|0:.	0|0:.	0|0:.	0|0:.	0|0:.	0|0:.	0|0:.	0|0:.	0|0:.	0|0:.	0|0:.	0|0:.	0|0:.	0|0:.	0|0:.	0|0:.	0|0:.	0|0:.	0|0:.	0|0:.	0|0:.	0|0:.	0|0:.	0|0:.	0|0:.	0|0:.	0|0:.	0|0:.	0|0:.	0|0:.	0|0:.	0|0:.	0|0:.	0|0:.	0|0:.	0|0:.	0|0:.	0|0:.	0|0:.	0|0:.	0|0:.	0|0:.	0|0:.	0|0:.	0|0:.	0|0:.	0|0:.	0|0:.	0|0:.	0|0:.	0|0:.	0|0:.	0|0:.	0|0:.	0|0:.	0|0:.	0|0:.	0|0:.	0|0:.	0|0:.	0|0:.	0|0:.	0|0:.	0|0:.	0|0:.	0|0:.	0|0:.	0|0:.	0|0:.	0|0:.	0|0:.	0|0:.	0|0:.	0|0:.	0|0:.	0|0:.	0|0:.	0|0:.	0|0:.	0|0:.	0|0:.	0|0:.	0|0:.	0|0:.	0|0:.	0|0:.	0|0:.	0|0:.	0|0:.	0|0:.	0|0:.	0|0:.	0|0:.	0|0:.	0|0:.	0|0:.	0|0:.	0|0:.	0|0:.	0|0:.	0|0:.	0|0:.	0|0:.	0|0:.	0|0:.	0|0:.	0|0:.	0|0:.	0|0:.	0|0:.	0|0:.	0|0:.	0|0:.	0|0:.	0|0:.	0|0:.	0|0:.	0|0:.	0|0:.	0|0:.	0|0:.	0|0:.	0|0:.	0|0:.	0|0:.	0|0:.	0|0:.	0|0:.	0|0:.	0|0:.	0|0:.	0|0:.	0|0:.	0|0:.	0|0:.	0|0:.	0|0:.	0|0:.	0|0:.	0|0:.	0|0:.	0|0:.	0|0:.	0|0:.	0|0:.	0|0:.	0|0:.	0|0:.	0|0:.	0|0:.	0|0:.	0|0:.	0|0:.	0|0:.	0|0:.	0|0:.	0|0:.	0|0:.	0|0:.	0|0:.	0|0:.	0|0:.	0|0:.	0|0:.	0|0:.	0|0:.	0|0:.	0|0:.	0|0:.	0|0:.	0|0:.	0|0:.	0|0:.	0|0:.	0|0:.	0|0:.	0|0:.	0|0:.	0|0:.	0|0:.	0|0:.	0|0:.	0|0:.	0|0:.	0|0:.	0|0:.	0|0:.	0|0:.	0|0:.	0|0:.	0|0:.	0|0:.	0|0:.	0|0:.	0|0:.	0|0:.	0|0:.	0|0:.	0|0:.	0|0:.	0|0:.	0|0:.	0|0:.	0|0:.	0|0:.	0|0:.	0|0:.	0|0:.	0|0:.	0|0:.	0|0:.	0|0:.	0|0:.	0|0:.	0|0:.	0|0:.	0|0:.	0|0:.	0|0:.	0|0:.	0|0:.	0|0:.	0|0:.	0|0:.	0|0:.	0|0:.	0|0:.	0|0:.	0|0:.	0|0:.	0|0:.	0|0:.	0|0:.	0|0:.	0|0:.	0|0:.	0|0:.	0|0:.	0|0:.	0|0:.	0|0:.	0|0:.	0|0:.	0|0:.	0|0:.	0|0:.	0|0:.	0|0:.	0|0:.	0|0:.	0|0:.	0|0:.	0|0:.	0|0:.	0|0:.	0|0:.	0|0:.	0|0:.	0|0:.	0|0:.	0|0:.	0|0:.	0|0:.	0|0:.	0|0:.	0|0:.	0|0:.	0|0:.	0|0:.	0|0:.	0|0:.	0|0:.	0|0:.	0|0:.	0|0:.	0|0:.	0|0:.	0|0:.	0|0:.	0|0:.	0|0:.	0|0:.	0|0:.	0|0:.	0|0:.	0|0:.	0|0:.	0|0:.	0|0:.	0|0:.	0|0:.	0|0:.	0|0:.	0|0:.	0|0:.	0|0:.	0|0:.	0|0:.	0|0:.	0|0:.	0|0:.	0|0:.	0|0:.	0|0:.	0|0:.	0|0:.	0|0:.	0|0:.	0|0:.	0|0:.	0|0:.	0|0:.	0|0:.	0|0:.	0|0:.	0|0:.	0|0:.	0|0:.	0|0:.	0|0:.	0|0:.	0|0:.	0|0:.	0|0:.	0|0:.	0|0:.	0|0:.	0|0:.	0|0:.	0|0:.	0|0:.	0|0:.	0|0:.	0|0:.	0|0:.	0|0:.	0|0:.	0|0:.	0|0:.	0|0:.	0|0:.	0|0:.	0|0:.	0|0:.	0|0:.	0|0:.	0|0:.	0|0:.	0|0:.	0|0:.	0|0:.	0|0:.	0|0:.	0|0:.	0|0:.	0|0:.	0|0:.	0|0:.	0|0:.	0|0:.	0|0:.	0|0:.	0|0:.	0|0:.	0|0:.	0|0:.	0|0:.	0|0:.	0|0:.	0|0:.	0|0:.	0|0:.	0|0:.	0|0:.	0|0:.	0|0:.	0|0:.	0|0:.	0|0:.	0|0:.	0|0:.	0|0:.	0|0:.	0|0:.	0|0:.	0|0:.	0|0:.	0|0:.	0|0:.	0|0:.	0|0:.	0|0:.	0|0:.	0|0:.	0|0:.	0|0:.	0|0:.	0|0:.	0|0:.	0|0:.	0|0:.	0|0:.	0|0:.	0|0:.	0|0:.	0|0:.	0|0:.	0|0:.	0|0:.	0|0:.	0|0:.	0|0:.	0|0:.	0|0:.	0|0:.	0|0:.	0|0:.	0|0:.	0|0:.	0|0:.	0|0:.	0|0:.	0|0:.	0|0:.	0|0:.	0|0:.	0|0:.	0|0:.	0|0:.	0|0:.	0|0:.	0|0:.	0|0:.	0|0:.	0|0:.	0|0:.	0|0:.	0|0:.	0|0:.	0|0:.	0|0:.	0|0:.	0|0:.	0|0:.	0|0:.	0|0:.	0|0:.	0|0:.	0|0:.	0|0:.	0|0:.	0|0:.	0|0:.	0|0:.	0|0:.	0|0:.	0|0:.	0|0:.	0|0:.	0|0:.	0|0:.	0|0:.	0|0:.	0|0:.	0|0:.	0|0:.	0|0:.	0|0:.	0|0:.	0|0:.	0|0:.	0|0:.	0|0:.	0|0:.	0|0:.	0|0:.	0|0:.	0|0:.	0|0:.	0|0:.	0|0:.	0|0:.	0|0:.	0|0:.	0|0:.	0|0:.	0|0:.	0|0:.	0|0:.	0|0:.	0|0:.	0|0:.	0|0:.	0|0:.	0|0:.	0|0:.	0|0:.	0|0:.	0|0:.	0|0:.	0|0:.	0|0:.	0|0:.	0|0:.	0|0:.	0|0:.	0|0:.	0|0:.	0|0:.	0|0:.	0|0:.	0|0:.	0|0:.	0|0:.	0|0:.	0|0:.	0|0:.	0|0:.	0|0:.	0|0:.	0|0:.	0|0:.	0|0:.	0|0:.	0|0:.	0|0:.	0|0:.	0|0:.	0|0:.	0|0:.	0|0:.	0|0:.	0|0:.	0|0:.	0|0:.	0|0:.	0|0:.	0|0:.	0|0:.	0|0:.	0|0:.	0|0:.	0|0:.	0|0:.	0|0:.	0|0:.	0|0:.	0|0:.	0|0:.	0|0:.	0|0:.	0|0:.	0|0:.	0|0:.	0|0:.	0|0:.	0|0:.	0|0:.	0|0:.	0|0:.	0|0:.	0|0:.	0|0:.	0|0:.	0|0:.	0|0:.	0|0:.	0|0:.	0|0:.	0|0:.	0|0:.	0|0:.	0|0:.	0|0:.	0|0:.	0|0:.	0|0:.	0|0:.	0|0:.	0|0:.	0|0:.	0|0:.	0|0:.	0|0:.	0|0:.	0|0:.	0|0:.	0|0:.	0|0:.	0|0:.	0|0:.	0|0:.	0|0:.	0|0:.	0|0:.	0|0:.	0|0:.	0|0:.	0|0:.	0|0:.	0|0:.	0|0:.	0|0:.	0|0:.	0|0:.	0|0:.	0|0:.	0|0:.	0|0:.	0|0:.	0|0:.	0|0:.	0|0:.	0|0:.	0|0:.	0|0:.	0|0:.	0|0:.	0|0:.	0|0:.	0|0:.	0|0:.	0|0:.	0|0:.	0|0:.	0|0:.	0|0:.	0|0:.	0|0:.	0|0:.	0|0:.	0|0:.	0|0:.	0|0:.	0|0:.	0|0:.	0|0:.	0|0:.	0|0:.	0|0:.	0|0:.	0|0:.	0|0:.	0|0:.	0|0:.	0|0:.	0|0:.	0|0:.	0|0:.	0|0:.	0|0:.	0|0:.	0|0:.	0|0:.	0|0:.	0|0:.	0|0:.	0|0:.	0|0:.	0|0:.	0|0:.	0|0:.	0|0:.	0|0:.	0|0:.	0|0:.	0|0:.	0|0:.	0|0:.	0|0:.	0|0:.	0|0:.	0|0:.	0|0:.	0|0:.	0|0:.	0|0:.	0|0:.	0|0:.	0|0:.	0|0:.	0|0:.	0|0:.	0|0:.	0|0:.	0|0:.	0|0:.	0|0:.	0|0:.	0|0:.	0|0:.	0|0:.	0|0:.	0|0:.	0|0:.	0|0:.	0|0:.	0|0:.	0|0:.	0|0:.	0|0:.	0|0:.	0|0:.	0|0:.	0|0:.	0|0:.	0|0:.	0|0:.	0|0:.	0|0:.	0|0:.	0|0:.	0|0:.	0|0:.	0|0:.	0|0:.	0|0:.	0|0:.	0|0:.	0|0:.	0|0:.	0|0:.	0|0:.	0|0:.	0|0:.	0|0:.	0|0:.	0|0:.	0|0:.	0|0:.	0|0:.	0|0:.	0|0:.	0|0:.	0|0:.	0|0:.	0|0:.	0|0:.	0|0:.	0|0:.	0|0:.	0|0:.	0|0:.	0|0:.	0|0:.	0|0:.	0|0:.	0|0:.	0|0:.	0|0:.	0|0:.	0|0:.	0|0:.	0|0:.	0|0:.	0|0:.	0|0:.	0|0:.	0|0:.	0|0:.	0|0:.	0|0:.	0|0:.	0|0:.	0|0:.	0|0:.	0|0:.	0|0:.	0|0:.	0|0:.	0|0:.	0|0:.	0|0:.	0|0:.	0|0:.	0|0:.	0|0:.	0|0:.	0|0:.	0|0:.	0|0:.	0|0:.	0|0:.	0|0:.	0|0:.	0|0:.	0|0:.	0|0:.	0|0:.	0|0:.	0|0:.	0|0:.	0|0:.	0|0:.	0|0:.	0|0:.	0|0:.	0|0:.	0|0:.	0|0:.	0|0:.	0|0:.	0|0:.	0|0:.	0|0:.	0|0:.	0|0:.	0|0:.	0|0:.	0|0:.	0|0:.	0|0:.	0|0:.	0|0:.	0|0:.	0|0:.	0|0:.	0|0:.	0|0:.	0|0:.	0|0:.	0|0:.	0|0:.	0|0:.	0|0:.	0|0:.	0|0:.	0|0:.	0|0:.	0|0:.	0|0:.	0|0:.	0|0:.	0|0:.	0|0:.	0|0:.	0|0:.	0|0:.	0|0:.	0|0:.	0|0:.	0|0:.	0|0:.	0|0:.	0|0:.	0|0:.	0|0:.	0|0:.	0|0:.	0|0:.	0|0:.	0|0:.	0|0:.	0|0:.	0|0:.	0|0:.	0|0:.	0|0:.	0|0:.	0|0:.	0|0:.	0|0:.	0|0:.	0|0:.	0|0:.	0|0:.	0|0:.	0|0:.	0|0:.	0|0:.	0|0:.	0|0:.	0|0:.	0|0:.	0|0:.	0|0:.	0|0:.	0|0:.	0|0:.	0|0:.	0|0:.	0|0:.	0|0:.	0|0:.	0|0:.	0|0:.	0|0:.	0|0:.	0|0:.	0|0:.	0|0:.	0|0:.	0|0:.	0|0:.	0|0:.	0|0:.	0|0:.	0|0:.	0|0:.	0|0:.	0|0:.	0|0:.	0|0:.	0|0:.	0|0:.	0|0:.	0|0:.	0|0:.	0|0:.	0|0:.	0|0:.	0|0:.	0|0:.	0|0:.	0|0:.	0|0:.	0|0:.	0|0:.	0|0:.	0|0:.	0|0:.	0|0:.	0|0:.	0|0:.	0|0:.	0|0:.	0|0:.	0|0:.	0|0:.	0|0:.	0|0:.	0|0:.	0|0:.	0|0:.	0|0:.	0|0:.	0|0:.	0|0:.	0|0:.	0|0:.	0|0:.	0|0:.	0|0:.	0|0:.	0|0:.	0|0:.	0|0:.	0|0:.	0|0:.	0|0:.	0|0:.	0|0:.	0|0:.	0|0:.	0|0:.	0|0:.	0|0:.	0|0:.	0|0:.	0|0:.	0|0:.	0|0:.	0|0:.	0|0:.	0|0:.	0|0:.	0|0:.	0|0:.	0|0:.	0|0:.	0|0:.	0|0:.	0|0:.	0|0:.	0|0:.	0|0:.	0|0:.	0|0:.	0|0:.	0|0:.	0|0:.	0|0:.	0|0:.	0|0:.	0|0:.	0|0:.	0|0:.	0|0:.	0|0:.	0|0:.	0|0:.	0|0:.	0|0:.	0|0:.	0|0:.	0|0:.	0|0:.	0|0:.	0|0:.	0|0:.	0|0:.	0|0:.	0|0:.	0|0:.	1|0:1	0|0:.	0|0:.	0|0:.	0|0:.	0|0:.	0|0:.	0|0:.	0|0:.	0|0:.	0|0:.	0|0:.	0|0:.	0|0:.	0|0:.	0|0:.	0|0:.	0|0:.	0|0:.	0|0:.	0|0:.	0|0:.	0|0:.	0|0:.	0|0:.	0|0:.	0|0:.	0|0:.	0|0:.	0|0:.	0|0:.	0|0:.	0|0:.	0|0:.	0|0:.	0|0:.	0|0:.	0|0:.	0|0:.	0|0:.	0|0:.	0|0:.	0|0:.	0|0:.	0|0:.	0|0:.	0|0:.	0|0:.	0|0:.	0|0:.	0|0:.	0|0:.	0|0:.	0|0:.	0|0:.	0|0:.	0|0:.	0|0:.	0|0:.	0|0:.	0|0:.	0|0:.	0|0:.	0|0:.	0|0:.	0|0:.	0|0:.	0|0:.	0|0:.	0|0:.	0|0:.	0|0:.	0|0:.	0|0:.	0|0:.	0|0:.	0|0:.	0|0:.	0|0:.	0|0:.	0|0:.	0|0:.	0|0:.	0|0:.	0|0:.	0|0:.	0|0:.	0|0:.	0|0:.	0|0:.	0|0:.	0|0:.	0|0:.	0|0:.	0|0:.	0|0:.	0|0:.	0|0:.	0|0:.	0|0:.	0|0:.	0|0:.	0|0:.	0|0:.	0|0:.	0|0:.	0|0:.	0|0:.	0|0:.	0|0:.	0|0:.	0|0:.	0|0:.	0|0:.	0|0:.	0|0:.	0|0:.	0|0:.	0|0:.	0|0:.	0|0:.	0|0:.	0|0:.	0|0:.	0|0:.	0|0:.	0|0:.	0|0:.	0|0:.	0|0:.	0|0:.	0|0:.	0|0:.	0|0:.	0|0:.	0|0:.	0|0:.	0|0:.	0|0:.	0|0:.	0|0:.	0|0:.	0|0:.	0|0:.	0|0:.	0|0:.	0|0:.	0|0:.	0|0:.	0|0:.	0|0:.	0|0:.	0|0:.	0|0:.	0|0:.	0|0:.	0|0:.	0|0:.	0|0:.	0|0:.	0|0:.	0|0:.	0|0:.	0|0:.	0|0:.	0|0:.	0|0:.	0|0:.	0|0:.	0|0:.	0|0:.	0|0:.	0|0:.	0|0:.	0|0:.	0|0:.	0|0:.	0|0:.	0|0:.	0|0:.	0|0:.	0|0:.	0|0:.	0|0:.	0|0:1	0|0:.	0|0:.	0|0:.	0|0:.	0|0:.	0|0:.	0|0:.	0|0:.	0|0:.	0|0:.	0|0:.	0|0:.	0|0:.	0|0:.	0|0:.	0|0:.	0|0:.	0|0:.	0|0:.	0|0:.	0|0:.	0|0:.	0|0:.	0|0:.	0|0:.	0|0:.	0|0:.	0|0:.	0|0:.	0|0:.	0|0:.	0|0:.	0|0:.	0|0:.	0|0:.	0|0:.	0|0:.	0|0:.	0|0:.	0|0:.	0|0:.	0|0:.	0|0:.	0|0:.	0|0:.	0|0:.	0|0:.	0|0:.	0|0:.	0|0:.	0|0:.	0|0:.	0|0:.	0|0:.	0|0:.	0|0:.	0|0:.	0|0:.	0|0:.	0|0:.	0|0:.	0|0:.	0|0:.	0|0:.	0|0:.	0|0:.	0|0:.	0|0:.	0|0:.	0|0:.	0|0:.	0|0:.	0|0:.	0|0:.	0|0:.	0|0:.	0|0:.	0|0:.	0|0:.	0|0:.	0|0:.	0|0:.	0|0:.	0|0:.	0|0:.	0|0:.	0|0:.	0|0:.	0|0:.	0|0:.	0|0:.	0|0:.	0|0:.	0|0:.	0|0:.	0|0:.	0|0:.	0|0:.	0|0:.	0|0:.	0|0:.	0|0:.	0|0:.	0|0:.	0|0:.	0|0:.	0|0:.	0|0:.	0|0:.	0|0:.	0|0:.	0|0:.	0|0:.	0|0:.	0|0:.	0|0:.	0|0:.	0|0:.	0|0:.	0|0:.	0|0:.	0|0:.	0|0:.	0|0:.	0|0:.	0|0:.	0|0:.	0|0:.	0|0:.	0|0:.	0|0:.	0|0:.	0|0:.	0|0:.	0|0:.	0|0:.	0|0:.	0|0:.	0|0:.	0|0:.	0|0:.	0|0:.	0|0:.	0|0:.	0|0:.	0|0:.	0|0:.	0|0:.	0|0:.	0|0:.	0|0:.	0|0:.	0|0:.	0|0:.	0|0:.	0|0:.	0|0:.	0|0:.	0|0:.	0|0:.	0|0:.	0|0:.	0|0:.	0|0:.	0|0:.	0|0:.	0|0:.	0|0:.	0|0:.	0|0:.	0|0:.	0|0:.	0|0:.	0|0:.	0|0:.	0|0:.	0|0:.	0|0:.	0|0:.	0|0:.	0|0:.	0|0:.	0|0:.	0|0:.	0|0:.	0|0:.	0|0:.	0|0:.	0|0:.	0|0:.	0|0:.	0|0:.	0|0:.	0|0:.	0|0:.	0|0:.	0|0:.	0|0:.	0|0:.	0|0:.	0|0:.	0|0:.	0|0:.	0|0:.	0|0:.	0|0:.	0|0:.	0|0:.	0|0:.	0|0:.	0|0:.	0|0:.	0|0:.	0|0:.	0|0:.	0|0:.	0|0:.	0|0:.	0|0:.	0|0:.	0|0:.	0|0:.	0|0:.	0|0:.	0|0:.	0|0:.	0|0:.	0|0:.	0|0:.	0|0:.	0|0:.	0|0:.	0|0:.	0|0:.	0|0:.	0|0:.	0|0:.	0|0:.	0|0:.	0|0:.	0|0:.	0|0:.	0|0:.	0|0:.	0|0:.	0|0:.	0|0:.	0|0:.	0|0:.	0|0:.	0|0:.	0|0:.	0|0:.	0|0:.	0|0:.	0|0:.	0|0:.	0|0:.	0|0:.	0|0:.	0|0:.	0|0:.	0|0:.	0|0:.	0|0:.	0|0:.	0|0:.	0|0:.	0|0:.	0|0:.	0|0:.	0|0:.	0|0:.	0|0:.	0|0:.	0|0:.	0|0:.	0|0:.	0|0:.	0|0:.	0|0:.	0|0:.	0|0:.	0|0:.	0|0:.	0|0:.	0|0:.	0|0:.	0|0:.	0|0:.	0|0:.	0|0:.	0|0:.	0|0:.	0|0:.	0|0:.	0|0:.	0|0:.	0|0:.	0|0:.	0|0:.	0|0:.	0|0:.	0|0:.	0|0:.	0|0:.	0|0:.	0|0:.	0|0:.	0|0:.	0|0:.	0|0:.	0|0:.	0|0:.	0|0:.	0|0:.	0|0:.	0|0:.	0|0:.	0|0:.	0|0:.	0|0:.	0|0:.	0|0:.	0|0:.	0|0:.	0|0:.	0|0:.	0|0:.	0|0:.	0|0:.	0|0:.	0|0:.	0|0:.	0|0:.	0|0:.	0|0:.	0|0:.	0|0:.	0|0:.	0|0:.	0|0:.	0|0:.	0|0:.	0|0:.	0|0:.	0|0:.	0|0:.	0|0:.	0|0:.	0|0:.	0|0:.	0|0:.	0|0:.	0|0:.	0|0:.	0|0:.	0|0:.	0|0:.	0|0:.	0|0:.	0|0:.	0|0:.	0|0:.	0|0:.	0|0:.	0|0:.	0|0:.	0|0:.	0|0:.	0|0:.	0|0:.	0|0:.	0|0:.	0|0:.	0|0:.	0|0:.	0|0:.	0|0:.	0|0:.	0|0:.	0|0:.	0|0:.	0|0:.	0|0:.	0|0:.	0|0:.	0|0:.	0|0:.	0|0:.	0|0:.	0|0:.	0|0:.	0|0:.	0|0:.	0|0:.	0|0:.	0|0:.	0|0:.	0|0:.	0|0:.	0|0:.	0|0:.	0|0:.	0|0:.	0|0:.	0|0:.	0|0:.	0|0:.	0|0:.	0|0:.	0|0:.	0|0:.	0|0:.	0|0:.	0|0:.	0|0:.	0|0:.	0|0:.	0|0:.	0|0:.	0|0:.	0|0:.	0|0:.	0|0:.	0|0:.	0|0:.	0|0:.	0|0:.	0|0:.	0|0:.	0|0:.	0|0:.	0|0:.	0|0:.	0|0:.	0|0:.	0|0:.	0|0:.	0|0:.	0|0:.	0|0:.	0|0:.	0|0:.	0|0:.	0|0:.	0|0:.	0|0:.	0|0:.	0|0:.	0|0:.	0|0:.	0|0:.	0|0:.	0|0:.	0|0:.	0|0:.	0|0:.	0|0:.	0|0:.	0|0:.	0|0:.	0|0:1	0|0:.	0|0:.	0|0:.	0|0:.	0|0:.	0|0:.	0|0:.	0|0:.	0|0:.	0|0:.	0|0:.	0|0:.	0|0:.	0|0:.	0|0:.	0|0:.	0|0:.	0|0:.	0|0:.	0|0:.	0|0:.	0|0:.	0|0:.	0|0:.	0|0:.	0|0:.	0|0:.	0|0:.	0|0:.	0|0:.	0|0:.	0|0:.	0|0:.	0|0:.	0|0:.	0|0:.	0|0:.	0|0:.	0|0:.	0|0:.	0|0:.	0|0:.	0|0:.	0|0:.	0|0:.	0|0:.	0|0:.	0|0:.	0|0:.	0|0:.	0|0:.	0|0:.	0|0:.	0|0:.	0|0:.	0|0:.	0|0:.	0|0:.	0|0:.	0|0:.	0|0:.	0|0:.	0|0:.	0|0:.	0|0:.	0|0:.	0|0:.	0|0:.	0|0:.	0|0:.	0|0:.	0|0:.	0|0:.	0|0:.	0|0:.	0|0:.	0|0:.	0|0:.	0|0:.	0|0:.	0|0:.	0|0:.	0|0:.	0|0:.	0|0:.	0|0:.	0|0:.	0|0:.	0|0:.	0|0:.	0|0:.	0|0:.	0|0:.	0|0:.	0|0:.	0|0:.	0|0:.	0|0:.	0|0:.	0|0:.	0|0:.	0|0:.	0|0:.	0|0:.	0|0:.	0|0:.	0|0:.	0|0:.	0|0:.	0|0:.	0|0:.	0|0:.	0|0:.	0|0:.	0|0:.	0|0:.	0|0:.	0|0:.	0|0:.	0|0:.	0|0:.	0|0:.	0|0:.	0|0:.	0|0:.	0|0:.	0|0:.	0|0:.	0|0:.	0|0:.	0|0:.	0|0:.	0|0:.	0|0:.	0|0:.	0|0:.	0|0:.	0|0:.	0|0:.	0|0:.	0|0:.	0|0:.	0|0:.	0|0:.	0|0:.	0|0:.	0|0:.	0|0:.	0|0:.	0|0:.	0|0:.	0|0:.	0|0:.	0|0:.	0|0:.	0|0:.	0|0:.	0|0:.	0|0:.	0|0:.	0|0:.	0|0:.	0|0:.	0|0:.	0|0:.	0|0:.	0|0:.	0|0:.	0|0:.	0|0:.	0|0:.	0|0:.	0|0:.	0|0:.	0|0:.	0|0:.	0|0:.	0|0:.	0|0:.	0|0:.	0|0:.	0|0:.	0|0:.	0|0:.	0|0:.	0|0:.	0|0:.	0|0:1	0|0:.	0|0:.	0|0:.	0|0:.	0|0:.	0|0:.	0|0:.	0|0:.	0|0:.	0|0:.	0|0:.	0|0:.	0|0:.	0|0:.	0|0:.	0|0:.	0|0:.	0|0:.	0|0:.	0|0:.	0|0:.	0|0:.	0|0:.	0|0:.	0|0:.	0|0:.	0|0:.	0|0:.	0|0:.	0|0:.	0|0:.	0|0:.	0|0:.	0|0:.	0|0:.	0|0:.	0|0:.	0|0:.	0|0:.	0|0:.	0|0:.	0|0:.	0|0:.	0|0:.	0|0:.	0|0:.	0|0:.	0|0:.	0|0:.	0|0:.	0|0:.	0|0:.	0|0:.	0|0:.	0|0:.	0|0:.	0|0:.	0|0:.	0|0:.	0|0:.	0|0:.	0|0:.	0|0:.	0|0:.	0|0:.	0|0:.	0|0:.	0|0:.	0|0:.	0|0:.	0|0:.	0|0:.	0|0:.	0|0:.	0|0:.	0|0:.	0|0:.	0|0:.	0|0:.	0|0:.	0|0:.	0|0:.	0|0:.	0|0:.	0|0:.	0|0:.	0|0:.	0|0:.	0|0:.	0|0:.	0|0:.	0|0:.	0|0:.	0|0:.	0|0:.	0|0:.	0|0:.	0|0:.	0|0:.	0|0:.	0|0:.	0|0:.	0|0:.	0|0:.	0|0:.	0|0:.	0|0:.	0|0:.	0|0:.	0|0:.	0|0:.	0|0:.	0|0:.	0|0:.	0|0:.	0|0:.	0|0:.	0|0:.	0|0:.	0|0:.	0|0:.	0|0:.	0|0:.	0|0:.	0|0:.	0|0:.	0|0:.	0|0:.	0|0:.	0|0:.	0|0:.	0|0:.	0|0:.	0|0:.	0|0:.	0|0:.	0|0:.	0|0:.	0|0:.	0|0:.	0|0:.	0|0:.	0|0:.	0|0:.	0|0:.	0|0:.	0|0:.	0|0:.	0|0:.	0|0:.	0|0:.	0|0:.	0|0:.	0|0:.	0|0:.	0|0:.	0|0:.	0|0:.	0|0:.	0|0:.	0|0:.	0|0:.	0|0:.	0|0:.	0|0:.	0|0:.	0|0:.	0|0:.	0|0:.	0|0:.	0|0:.	0|0:.	0|0:.	0|0:.	0|0:.	0|0:.	0|0:.	0|0:.	0|0:.	0|0:.	0|0:.	0|0:.	0|0:.	0|0:.	0|0:.	0|0:.	0|0:.	0|0:.	0|0:.	0|0:.	0|0:.	0|0:.	0|0:.	0|0:.	0|0:.	0|0:.	0|0:.	0|0:.	0|0:.	0|0:.	0|0:.	0|0:.	0|0:.	0|0:.	0|0:.	0|0:.	0|0:.	0|0:.	0|0:.	0|0:.	0|0:.	0|0:.	0|0:.	0|0:.	0|0:.	0|0:.	0|0:.	0|0:.	0|0:.	0|0:.	0|0:.	0|0:.	0|0:.	0|0:.	0|0:.	0|0:.	0|0:.	0|0:.	0|0:.	0|0:.	0|0:.	0|0:.	0|0:.	0|0:.	0|0:.	0|0:.	0|0:.	0|0:.	0|0:.	0|0:.	0|0:.	0|0:.	0|0:.	0|0:.	0|0:.	0|0:.	0|0:.	0|0:.	0|0:.	0|0:.	0|0:.	0|0:.	0|0:.	0|0:.	0|0:.	0|0:.	0|0:.	0|0:.	0|0:.	0|0:.	0|0:.	0|0:.	0|0:.	0|0:.	0|0:.	0|0:.	0|0:.	0|0:.	0|0:.	0|0:.	0|0:.	0|0:.	0|0:.	0|0:.	0|0:.	0|0:.	0|0:.	0|0:.	0|0:.	0|0:.	0|0:.	0|0:.	0|0:.	0|0:.	0|0:.	0|0:.	0|0:.	0|0:.	0|0:.	0|0:.	0|0:.	0|0:.	0|0:.	0|0:.	0|0:.	0|0:.	0|0:.	0|0:.	0|0:.	0|0:.	0|0:.	0|0:.	0|0:.	0|0:.	0|0:.	0|0:.	0|0:.	0|0:.	0|0:.	0|0:.	0|0:.	0|0:.	0|0:.	0|0:.	0|0:.	0|0:.	0|0:.	0|0:.	0|0:.	0|0:.	0|0:.	0|0:.	0|0:.	0|0:.	0|0:.	0|0:.	0|0:.	0|0:.	0|0:.	0|0:.	0|0:.	0|0:.	0|0:.	0|0:.	0|0:.	0|0:.	0|0:.	0|0:.	0|0:.	0|0:.	0|0:.	0|0:.	0|0:.	0|0:.	0|0:.	0|0:.	0|0:.	0|0:.	0|0:.	0|0:.	0|0:.	0|0:.	0|0:.	0|0:.	0|0:.	0|0:.	0|0:.	0|0:.	0|0:.	0|0:.	0|0:.	0|0:.	0|0:.	0|0:.	0|0:.	0|0:.	0|0:.	0|0:.	0|0:.	0|0:.	0|0:.	0|0:.	0|0:.	0|0:.	0|0:.	0|0:.	0|0:.	0|0:.	0|0:.	0|0:.	0|0:.	0|0:.	0|0:.	0|0:.	0|0:.	0|0:.	0|0:.	0|0:.	0|0:.	0|0:.	0|0:.	0|0:.	0|0:.	0|0:.	0|0:.	0|0:.	0|0:.	0|0:.	0|0:.	0|0:.	0|0:.	0|0:.	0|0:.	0|0:.	0|0:.	0|0:.	0|0:.	0|0:.	0|0:.	0|0:.	0|0:.	0|0:.	0|0:.	0|0:.	0|0:.	0|0:.	0|0:.	0|0:.	0|0:.	0|0:.	0|0:.	0|0:.	0|0:.	0|0:.	0|0:.	0|0:.	0|0:.	0|0:.	0|0:.	0|0:.	0|0:.	0|0:.	0|0:.	0|0:.	0|0:.	0|0:.	0|0:.	0|0:.	0|0:.	0|0:.	0|0:.	0|0:.	0|0:.	0|0:.	0|0:.	0|0:.	0|0:.	0|0:.	0|0:.	0|0:.	0|0:.	0|0:.	0|0:.	0|0:.	0|0:.	0|0:.	0|0:.	0|0:.	0|0:.	0|0:.	0|0:.	0|0:.	0|0:.	0|0:.	0|0:.	0|0:.	0|0:.	0|0:.	0|0:.	0|0:.	0|0:.	0|0:.	0|0:.	0|0:.	0|0:.	0|0:.	0|0:.	0|0:.	0|0:.	0|0:.	0|0:.	0|0:.	0|0:.	0|0:.	0|0:.	0|0:.	0|0:.	0|0:.	0|0:.	0|0:.	0|0:.	0|0:.	0|0:.	0|0:.	0|0:.	0|0:.	0|0:.	0|0:.	0|0:.	0|0:.	0|0:.	0|0:.	0|0:.	0|0:.	0|0:.	0|0:.	0|0:.	0|0:.	0|0:.	0|0:.	0|0:.	0|0:.	0|0:.	0|0:.	0|0:.	0|0:.	0|0:.	0|0:.	0|0:.	0|0:.	0|0:.	0|0:.	0|0:.	0|0:.	0|0:.	0|0:.	0|0:.	0|0:.	0|0:.	0|0:.	0|0:.	0|0:.	0|0:.	0|0:.	0|0:.	0|0:.	0|0:.	0|0:.	0|0:.	0|0:.	0|0:.	0|0:.	0|0:.	0|0:.	0|0:.	0|0:.	0|0:.	0|0:.	0|0:.	0|0:.	0|0:.	0|0:.	0|0:.	0|0:.	0|0:.	0|0:.	0|0:.	0|0:.	0|0:.	0|0:.	0|0:.	0|0:.	0|0:.	0|0:.	0|0:.	0|0:.	0|0:.	0|0:.	0|0:.	0|0:.	0|0:.	0|0:.	0|0:.	0|0:.	0|0:.	0|0:.	0|0:.	0|0:.	0|0:.	0|0:.	0|0:.	0|0:.	0|0:.	0|0:.	0|0:.	0|0:.	0|0:.	0|0:.	0|0:.	0|0:.	0|0:.	0|0:.	0|0:.	0|0:.	0|0:.	0|0:.	0|0:.	0|0:.	0|0:.	0|0:.	0|0:.	0|0:.	0|0:.	0|0:.	0|0:.	0|0:.	0|0:.	0|0:.	0|0:.	0|0:.	0|0:.	0|0:.	0|0:.	0|0:.	0|0:.	0|0:.	0|0:.	0|0:.	0|0:.	0|0:.	0|0:.	0|0:.	0|0:.	0|0:.	0|0:.	0|0:.	0|0:.	0|0:.	0|0:.	0|0:.	0|0:.	0|0:.	0|0:.	0|0:.	0|0:.	0|0:.	0|0:.	0|0:.	0|0:.	0|0:.	0|0:.	0|0:.	0|0:.	0|0:.	0|0:.	0|0:.	0|0:.	0|0:.	0|0:.	0|0:.	0|0:.	0|0:.	0|0:.	0|0:.	0|0:.	0|0:.	0|0:.	0|0:.	0|0:.	0|0:.	0|0:.	0|0:.	0|0:.	0|0:.	0|0:.	0|0:.	0|0:.	0|0:.	0|0:.	0|0:.	0|0:.	0|0:.	0|0:.	0|0:.	0|0:.	0|0:.	0|0:.	0|0:.	0|0:.	0|0:.	0|0:.	0|0:.	0|0:.	0|0:.	0|0:.	0|0:.	0|0:.	0|0:.	0|0:.	0|0:.	0|0:.	0|0:.	0|0:.	0|0:.	0|0:.	0|0:.	0|0:.	0|0:.	0|0:.	1|0:1	0|0:.	0|0:.	0|0:.	0|0:.	0|0:.	0|0:.	0|0:.	0|0:.	0|0:.	0|0:.	0|0:.	0|0:.	0|0:.	0|0:.	0|0:.	0|0:.	0|0:.	0|0:.	0|0:.	0|0:.	0|0:.	0|0:.	0|0:.	0|0:.	0|0:.	0|0:.	0|0:.	0|0:.	0|0:.	0|0:.	0|0:.	0|0:.	0|0:.	0|0:.	0|0:.	0|0:.	0|0:.	0|0:.	0|0:.	0|0:.	0|0:.	0|0:.	0|0:.	0|0:.	0|0:.	0|0:.	0|0:.	0|0:.	0|0:.	0|0:.	0|0:.	0|0:.	0|0:.	0|0:.	0|0:.	0|0:.	0|0:.	0|0:.	0|0:.	0|0:.	0|0:.	0|0:.	0|0:.	0|0:.	0|0:.	0|0:.	0|0:.	0|0:.	0|0:.	0|0:.	0|0:.	0|0:.	0|0:.	0|0:.	0|0:.	0|0:.	0|0:.	0|0:.	0|0:.	0|0:.	0|0:.	0|0:.	0|0:.	0|0:.	0|0:.	0|0:.	0|0:.	0|0:.	0|0:.	0|0:.	0|0:.	0|0:.	0|0:.	0|0:.	0|0:.	0|0:.	0|0:.	0|0:.	0|0:.	0|0:.	0|0:.	0|0:.	0|0:.	0|0:.	0|0:.	0|0:.	0|0:.	0|0:.	0|0:.	0|0:.	0|0:.	0|0:.	0|0:.	0|0:.	0|0:.	0|0:.	0|0:.	0|0:.	0|0:.	0|0:.	0|0:.	0|0:.	0|0:.	0|0:.	0|0:.	0|0:.	0|0:.	0|0:.	0|0:.	0|0:.	0|0:.	0|0:.	0|0:.	0|0:.	0|0:.	0|0:.	0|0:.	0|0:.	0|0:.	0|0:.	0|0:.	0|0:.	0|0:.	0|0:.	0|0:.	0|0:.	0|0:.	0|0:.	0|0:.	0|0:.	0|0:.	0|0:.	0|0:.	0|0:.	0|0:.	0|0:.	0|0:.	0|0:.	0|0:.	0|0:.	0|0:.	0|0:.	0|0:.	0|0:.	0|0:.	0|0:.	0|0:.	0|0:.	0|0:.	0|0:.	0|0:.	0|0:.	0|0:.	0|0:.	0|0:.	0|0:.	0|0:.	0|0:.	0|0:.	0|0:.	0|0:.	0|0:.	0|0:.	0|0:.	0|0:.	0|0:.	0|0:.	0|0:.	0|0:.	0|0:.	0|0:.	0|0:.	0|0:.	0|0:.	0|0:.	0|0:.	0|0:.	0|0:.	0|0:.	0|0:.	0|0:.	0|0:.	0|0:.	0|0:.	0|0:.	0|0:.	0|0:.	0|0:.	0|0:.	0|0:.	0|0:.	0|0:.	0|0:.	0|0:.	0|0:.	0|0:.	0|0:.	0|0:.	0|0:.	0|0:.	0|0:.	0|0:.	0|0:.
--- try 22: form ---
=== 10. Region slice quick summary ===
Contig naming: chr22 (GRCh38 style) -- plan wrote 'chr' or '22' both work when using chr-prefixed region
HTTPS BCF streaming: WORKS via bcftools 1.22 / htslib 1.22.1

=== 11. /rs1/researchers scratch budget ===
fas8700-03:/rs1/researchers/c/ckclinto   31T  1.7T   29T   6% /rs1/researchers/c/ckclinto

=== 12. /rs1/scratch reality check ===
ls: cannot access '/rs1/scratch': No such file or directory

=== 13. Genome build check (GRCh38 vs GRCh37 regions_curated.csv) ===
GRCh37
--- BCF contigs declared in header ---
##contig=<ID=chr22>

=== 14. Summary ===
META_URL: https://storage.googleapis.com/gcp-public-data--gnomad/release/3.1/secondary_analyses/hgdp_1kg/metadata_and_qc/gnomad_meta_v1.tsv
META_SIZE: 5.7M, 4150 rows, 4091 match BCF (59 QC-filtered between metadata and v2 BCFs)
BCF_URL_TEMPLATE: https://storage.googleapis.com/gcp-public-data--gnomad/resources/hgdp_1kg/phased_haplotypes_v2/hgdp1kgp_chr{chrom}.filtered.SNV_INDEL.phased.shapeit5.bcf
BCF_CONTIG_NAMING: chr{N} (GRCh38 style) -- PIPELINE genome_build is GRCh37; region slice must translate or panel must be treated as GRCh38-liftover
REG_COL: hgdp_tgp_meta.Genetic.region
SAMPLE_COL: s
AFR_N_TOTAL_META: 1003
AFR_N_IN_BCF: 986 (after reconciling against chr22 BCF header; some dropped in v2 QC)
SAMPLE_PREFIXES: HGDP00xxx, NA (1kG), LP (Bergstrom HGDP genomes), SS (Bergstrom Simons) -- no prefix mismatch, all match BCF directly
BCFTOOLS_REQUIRED_VERSION: >=1.18 (HTTPS streaming requires htslib >=1.18)
  envs/ld_build.yml pins bcftools=1.21 which is OK; 1.3.1 in mapdamage2 FAILS
SCRATCH_DIR: /rs1/researchers/c/ckclinto/hgdp_1kg_scratch (29 TB avail)
  /rs1/scratch does NOT exist on this cluster (carried forward from Plan 01-02)
BCF_SIZES (22 autosomes): chr22=266 MB ... chr2=1.5 GB. Total ~17 GB (vs plan's worst-case 100 GB -- plan was pessimistic)
GENOME_BUILD_DEVIATION: pipeline.yaml genome_build=GRCh37 but HGDP+1kG v2 is GRCh38. Must document + liftover regions or scope to GRCh38 coords in rule.
PREFLIGHT: PASS

Preflight complete at: 2026-04-12T02:57:38Z
